ticker,sp_rating,moodys_rating,fitch_rating,outlook,as_of_date
A,A,A2,A,Stable,2026-07-01
AAL,B+,B1,B+,Stable,2026-07-01
AAPL,AA+,Aaa,AA+,Stable,2026-07-01
ABBV,BBB+,Baa1,BBB+,Stable,2026-07-01
ABNB,BBB-,Baa3,BBB-,Stable,2026-07-01
ABT,A+,A1,A+,Stable,2026-07-01
ACGL,A-,A3,A-,Stable,2026-07-01
ACN,A+,A1,A+,Stable,2026-07-01
ADBE,A,A2,A,Stable,2026-05-10
ADI,BBB+,Baa1,BBB+,Stable,2026-07-01
ADM,A,A2,A,Stable,2026-07-01
ADP,AA-,Aa3,AA-,Stable,2026-06-02
ADSK,BBB+,Baa1,BBB+,Stable,2026-04-15
AEE,BBB+,Baa1,BBB+,Stable,2026-07-01
AEP,BBB+,Baa1,BBB+,Stable,2026-03-15
AES,BB+,Ba1,BB+,Stable,2026-07-01
AFL,A+,A1,A+,Stable,2026-06-28
AIG,A-,A3,A-,Stable,2026-07-01
AIZ,BBB,Baa2,BBB,Stable,2026-07-01
AJG,BBB+,Baa1,BBB+,Stable,2026-07-01
AKAM,BBB,Baa2,BBB,Stable,2026-07-01
ALB,BBB,Baa2,BBB,Stable,2026-07-01
ALGN,BBB+,Baa1,BBB+,Stable,2026-07-01
ALL,A-,A3,A-,Stable,2026-06-22
ALLE,BBB,Baa2,BBB,Stable,2026-07-01
AMAT,A,A2,A,Stable,2026-07-01
AMCR,BBB,Baa2,BBB,Stable,2026-07-01
AMD,BBB,Baa2,BBB,Stable,2026-06-20
AME,A,A2,A,Stable,2026-07-01
AMGN,BBB+,Baa1,BBB+,Stable,2026-06-15
AMP,A,A2,A,Stable,2026-07-01
AMT,BBB,Baa3,BBB,Stable,2026-05-10
AMZN,AA,A1,AA,Stable,2026-07-01
ANET,A,A2,A,Stable,2026-07-01
ANSS,BBB+,Baa1,BBB+,Stable,2026-05-15
AON,BBB+,Baa1,BBB+,Stable,2026-06-20
AOS,A,A2,A,Stable,2026-07-01
APA,BBB-,Baa3,BBB-,Stable,2026-07-01
APD,A,A2,A,Stable,2026-05-18
APH,A,A2,A,Stable,2026-07-01
APO,A+,A1,A+,Stable,2026-07-01
APTV,BBB,Baa2,BBB,Stable,2026-07-01
ARE,BBB+,Baa1,BBB+,Stable,2026-07-01
ARM,A,A2,A,Stable,2026-07-01
ASML,AA-,Aa3,AA-,Stable,2026-07-01
ATO,A,A2,A,Stable,2026-07-01
AVB,A-,A3,A-,Stable,2026-07-01
AVGO,BBB,Baa2,BBB,Stable,2026-06-01
AVY,BBB,Baa2,BBB,Stable,2026-07-01
AWK,A,A2,A,Stable,2026-07-01
AXON,BBB-,Baa3,BBB-,Stable,2026-07-01
AXP,BBB+,A3,BBB+,Stable,2026-04-05
AZN,A,A2,A,Stable,2026-07-01
AZO,BBB,Baa2,BBB,Stable,2026-07-01
BA,BBB-,Baa3,BBB-,Negative,2026-05-15
BAC,A-,A2,A-,Stable,2026-06-30
BALL,BBB-,Baa3,BBB-,Stable,2026-07-01
BAX,BBB,Baa2,BBB,Stable,2026-05-20
BBWI,BB,Ba2,BB,Stable,2026-07-01
BBY,BBB,Baa2,BBB,Stable,2026-07-01
BCR,BBB,Baa2,BBB,Stable,2026-07-01
BDX,BBB,Baa2,BBB,Stable,2026-07-01
BEN,A,A2,A,Stable,2026-07-01
BF-B,BBB,Baa2,BBB,Stable,2026-07-01
BG,BBB-,Baa3,BBB-,Stable,2026-07-01
BIIB,BBB+,Baa1,BBB+,Stable,2026-07-01
BIO,BBB,Baa2,BBB,Stable,2026-07-01
BK,A,A1,A,Stable,2026-06-30
BKNG,BBB+,Baa1,BBB+,Stable,2026-04-25
BKR,A-,A3,A-,Stable,2026-07-01
BLDR,BB+,Ba1,BB+,Stable,2026-07-01
BLK,AA-,Aa2,AA-,Stable,2026-03-10
BMY,A+,A2,A+,Stable,2026-04-10
BR,BBB+,Baa1,BBB+,Stable,2026-07-01
BRK-B,AA,Aa1,AA,Stable,2026-07-01
BRO,BBB,Baa2,BBB,Stable,2026-07-01
BSX,BBB,Baa2,BBB,Stable,2026-06-25
BX,A+,A1,A+,Stable,2026-07-01
C,BBB+,A3,BBB+,Stable,2026-06-30
CAG,BBB,Baa2,BBB,Stable,2026-07-01
CAH,BBB,Baa2,BBB,Stable,2026-07-01
CARR,BBB,Baa2,BBB,Stable,2026-07-01
CAT,A,A2,A,Stable,2026-05-12
CB,AA-,Aa3,AA-,Stable,2026-06-18
CBOE,A-,A3,A-,Stable,2026-07-01
CBRE,BBB+,Baa1,BBB+,Stable,2026-07-01
CCEP,BBB,Baa2,BBB,Stable,2026-07-01
CCI,BBB,Baa3,BBB,Stable,2026-06-15
CCL,BB-,Ba3,BB-,Stable,2026-07-01
CDNS,A-,A3,A-,Stable,2026-06-15
CDW,BBB,Baa2,BBB,Stable,2026-07-01
CE,BBB-,Baa3,BBB-,Stable,2026-07-01
CEG,BBB+,Baa1,BBB+,Stable,2026-07-01
CF,BBB,Baa2,BBB,Stable,2026-07-01
CFG,BBB,Baa2,BBB,Stable,2026-07-01
CHD,BBB+,Baa1,BBB+,Stable,2026-07-01
CHRW,BBB,Baa2,BBB,Stable,2026-07-01
CHTR,BB+,Ba1,BB+,Negative,2026-05-15
CI,A-,A3,A-,Stable,2026-06-10
CINF,A+,A1,A+,Stable,2026-07-01
CL,AA-,Aa3,AA-,Stable,2026-06-30
CLX,BBB,Baa2,BBB,Stable,2026-07-01
CMCSA,A-,A3,A-,Stable,2026-04-20
CME,AA-,Aa3,AA-,Stable,2026-07-01
CMG,BBB,Baa2,BBB,Stable,2026-07-01
CMI,A+,A1,A+,Stable,2026-06-20
CMS,BBB+,Baa1,BBB+,Stable,2026-06-22
CNC,BBB,Baa2,BBB,Stable,2026-07-01
CNP,BBB+,Baa1,BBB+,Stable,2026-07-01
COF,BBB-,Baa3,BBB-,Stable,2026-07-01
COO,BBB,Baa2,BBB,Stable,2026-07-01
COP,A,A1,A,Stable,2026-04-10
COR,BBB,Baa2,BBB,Stable,2026-07-01
COST,AA-,Aa3,AA-,Stable,2026-07-01
CPAY,BB+,Ba1,BB+,Stable,2026-07-01
CPB,BBB,Baa2,BBB,Stable,2026-07-01
CPRT,BBB+,Baa1,BBB+,Stable,2026-07-01
CPT,A-,A3,A-,Stable,2026-07-01
CRL,BBB-,Baa3,BBB-,Stable,2026-07-01
CRM,A+,A1,A+,Negative,2026-03-10
CRWD,BBB-,Baa3,BBB-,Stable,2026-07-01
CSCO,AA-,A1,AA-,Stable,2026-05-14
CSGP,BBB-,Baa3,BBB-,Stable,2026-07-01
CSX,BBB+,Baa1,BBB+,Stable,2026-07-01
CTAS,A-,A3,A-,Stable,2026-07-01
CTLT,BB,Ba2,BB,Stable,2026-07-01
CTRA,BBB,Baa2,BBB,Stable,2026-07-01
CTSH,A-,A3,A-,Stable,2026-07-01
CTVA,BBB,Baa2,BBB,Stable,2026-07-01
CVS,BBB,Baa2,BBB,Negative,2026-05-05
CVX,AA-,Aa2,AA-,Stable,2026-06-15
CZR,B+,B1,B+,Stable,2026-07-01
D,BBB,Baa2,BBB,Negative,2026-06-01
DAL,BB,Ba1,BB,Stable,2026-05-15
DAY,BBB-,Baa3,BBB-,Stable,2026-07-01
DD,BBB,Baa2,BBB,Stable,2026-05-15
DDOG,BBB,Baa2,BBB,Stable,2026-07-01
DE,A,A2,A,Stable,2026-06-25
DECK,BBB+,Baa1,BBB+,Stable,2026-07-01
DFS,BBB-,Baa3,BBB-,Stable,2026-07-01
DG,BBB,Baa2,BBB,Stable,2026-07-01
DGX,BBB+,Baa1,BBB+,Stable,2026-07-01
DHI,BBB,Baa2,BBB,Stable,2026-07-01
DHR,A,A2,A,Stable,2026-07-01
DIS,BBB+,Baa1,BBB+,Stable,2026-07-01
DLR,BBB,Baa2,BBB,Stable,2026-07-01
DLTR,BBB-,Baa3,BBB-,Stable,2026-07-01
DOC,BBB,Baa2,BBB,Stable,2026-07-01
DOV,A-,A3,A-,Stable,2026-07-01
DOW,BBB+,Baa1,BBB+,Stable,2026-04-20
DPZ,BB+,Ba1,BB+,Stable,2026-07-01
DRI,BBB,Baa2,BBB,Stable,2026-07-01
DTE,BBB+,Baa1,BBB+,Stable,2026-06-18
DUK,BBB+,Baa1,BBB+,Stable,2026-04-12
DVA,BB,Ba2,BB,Stable,2026-07-01
DVN,BBB+,Baa1,BBB+,Stable,2026-07-01
DXC,BB+,Ba1,BB+,Stable,2026-07-01
DXCM,BB+,Ba1,BB+,Stable,2026-07-01
EA,A-,A3,A-,Stable,2026-05-20
EBAY,BBB,Baa2,BBB,Stable,2026-07-01
ECL,A-,A3,A-,Stable,2026-07-01
ED,BBB+,Baa1,BBB+,Stable,2026-05-20
EFX,BBB,Baa2,BBB,Stable,2026-07-01
EG,BBB+,Baa1,BBB+,Stable,2026-07-01
EIX,BBB-,Baa3,BBB-,Stable,2026-07-01
EL,A,A2,A,Stable,2026-06-30
ELV,A,A2,A,Stable,2026-07-01
EMN,BBB,Baa2,BBB,Stable,2026-07-01
EMR,A,A2,A,Stable,2026-06-05
ENPH,BB,Ba2,BB,Stable,2026-07-01
EOG,A-,A3,A-,Stable,2026-05-15
EPAM,BBB,Baa2,BBB,Stable,2026-07-01
EQIX,BBB,Baa2,BBB,Stable,2026-04-15
EQR,A-,A3,A-,Stable,2026-07-01
EQT,BBB-,Baa3,BBB-,Stable,2026-07-01
ES,BBB,Baa2,BBB,Stable,2026-07-01
ESS,A-,A3,A-,Stable,2026-07-01
ETN,A,A2,A,Stable,2026-04-10
ETR,BBB,Baa2,BBB,Stable,2026-06-15
ETSY,BB+,Ba1,BB+,Stable,2026-07-01
EVRG,BBB,Baa2,BBB,Stable,2026-07-01
EW,A,A2,A,Stable,2026-07-01
EXC,BBB,Baa2,BBB,Stable,2026-04-28
EXPD,A,A2,A,Stable,2026-07-01
EXPE,BBB-,Baa3,BBB-,Stable,2026-05-12
EXR,BBB+,Baa1,BBB+,Stable,2026-07-01
F,BBB-,Baa3,BBB-,Stable,2026-07-01
FANG,BBB,Baa2,BBB,Stable,2026-07-01
FAST,A-,A3,A-,Stable,2026-07-01
FCX,BBB,Baa2,BBB,Positive,2026-06-10
FDS,BBB,Baa2,BBB,Stable,2026-07-01
FDX,BBB,Baa2,BBB,Stable,2026-07-01
FE,BBB-,Baa3,BBB-,Stable,2026-04-10
FFIV,BBB,Baa2,BBB,Stable,2026-07-01
FI,BBB,Baa2,BBB,Stable,2026-07-01
FICO,BBB-,Baa3,BBB-,Stable,2026-07-01
FIS,BBB,Baa2,BBB,Stable,2026-04-28
FISV,BBB,Baa2,BBB,Stable,2026-06-22
FITB,BBB+,Baa1,BBB+,Stable,2026-06-01
FLT,BBB-,Baa3,BBB-,Stable,2026-07-01
FMC,BBB,Baa2,BBB,Stable,2026-07-01
FOX,BBB+,Baa1,BBB+,Stable,2026-07-01
FOXA,BBB+,Baa1,BBB+,Stable,2026-07-01
FRT,BBB,Baa2,BBB,Stable,2026-07-01
FSLR,BBB-,Baa3,BBB-,Stable,2026-07-01
FTNT,BBB+,Baa1,BBB+,Stable,2026-07-01
FTV,BBB+,Baa1,BBB+,Stable,2026-06-20
GD,A-,A3,A-,Stable,2026-05-20
GDDY,BB+,Ba1,BB+,Stable,2026-07-01
GE,BBB+,Baa1,BBB+,Positive,2026-06-28
GEHC,BBB,Baa2,BBB,Stable,2026-07-01
GEN,BBB-,Baa3,BBB-,Stable,2026-07-01
GEV,BBB,Baa2,BBB,Stable,2026-07-01
GFS,BBB-,Baa3,BBB-,Stable,2026-07-01
GILD,A,A2,A,Stable,2026-05-25
GIS,BBB,Baa2,BBB,Stable,2026-07-01
GL,A-,A3,A-,Stable,2026-07-01
GLW,BBB,Baa2,BBB,Stable,2026-07-01
GM,BBB-,Baa3,BBB-,Stable,2026-07-01
GNRC,BBB-,Baa3,BBB-,Stable,2026-07-01
GOOG,AA+,Aa2,AA+,Stable,2026-07-01
GOOGL,AA+,Aa2,AA+,Stable,2026-07-01
GPC,BBB,Baa2,BBB,Stable,2026-07-01
GPN,BBB-,Baa3,BBB-,Stable,2026-07-01
GRMN,A,A2,A,Stable,2026-07-01
GS,BBB+,A2,A,Stable,2026-06-01
GWW,A,A2,A,Stable,2026-07-01
HAL,BBB+,Baa1,BBB+,Stable,2026-07-01
HAS,BBB,Baa2,BBB,Stable,2026-07-01
HBAN,BBB,Baa2,BBB,Stable,2026-07-01
HCA,BB+,Ba1,BB+,Stable,2026-03-30
HD,A,A2,A,Stable,2026-03-09
HES,BBB,Baa2,BBB,Stable,2026-07-01
HIG,A-,A3,A-,Stable,2026-07-01
HII,BBB,Baa2,BBB,Stable,2026-07-01
HLT,BB+,Ba1,BB+,Stable,2026-06-15
HOLX,BBB,Baa2,BBB,Stable,2026-07-01
HON,A,A2,A,Stable,2026-07-01
HPE,BBB,Baa2,BBB,Stable,2026-07-01
HPQ,BBB,Baa2,BBB,Stable,2026-07-01
HRL,A-,A3,A-,Stable,2026-07-01
HSIC,BBB,Baa2,BBB,Stable,2026-07-01
HST,BBB-,Baa3,BBB-,Stable,2026-07-01
HSY,A,A2,A,Stable,2026-07-01
HUBB,BBB+,Baa1,BBB+,Stable,2026-07-01
HUM,BBB+,Baa2,BBB+,Stable,2026-04-20
HWM,BBB,Baa2,BBB,Stable,2026-07-01
IBM,A-,A3,A-,Stable,2026-06-22
ICE,A-,A3,A-,Stable,2026-07-01
IDXX,BBB+,Baa1,BBB+,Stable,2026-07-01
IEX,BBB+,Baa1,BBB+,Stable,2026-07-01
IFF,BBB-,Baa3,BBB-,Stable,2026-07-01
ILMN,BBB-,Baa3,BBB-,Stable,2026-07-01
INCY,BBB,Baa2,BBB,Stable,2026-07-01
INTC,BBB,Baa1,BBB,Negative,2026-04-27
INTU,A,A2,A,Stable,2026-03-22
INVH,BBB,Baa2,BBB,Stable,2026-07-01
IP,BBB,Baa2,BBB,Stable,2026-07-01
IPG,BBB,Baa2,BBB,Stable,2026-07-01
IQV,BBB,Baa2,BBB,Stable,2026-07-01
IR,BBB,Baa2,BBB,Stable,2026-07-01
IRM,BB+,Ba1,BB+,Stable,2026-07-01
ISRG,A,A2,A,Stable,2026-07-01
IT,BBB,Baa2,BBB,Stable,2026-07-01
ITW,A+,A1,A+,Stable,2026-05-22
IVZ,BBB,Baa2,BBB,Stable,2026-07-01
J,BBB,Baa2,BBB,Stable,2026-07-01
JBHT,A-,A3,A-,Stable,2026-07-01
JBL,BBB,Baa2,BBB,Stable,2026-07-01
JCI,BBB+,Baa1,BBB+,Stable,2026-07-01
JKHY,BBB+,Baa1,BBB+,Stable,2026-07-01
JNJ,AAA,Aaa,AAA,Stable,2026-07-01
JNPR,BBB,Baa2,BBB,Stable,2026-07-01
JPM,A-,A2,A-,Stable,2026-07-01
K,BBB,Baa2,BBB,Stable,2026-07-01
KDP,BBB,Baa2,BBB,Stable,2026-07-01
KEY,BBB-,Baa3,BBB-,Stable,2026-07-01
KEYS,BBB,Baa2,BBB,Stable,2026-07-01
KHC,BBB-,Baa3,BBB-,Stable,2026-06-30
KIM,BBB+,Baa1,BBB+,Stable,2026-07-01
KLAC,A-,A3,A-,Stable,2026-07-01
KMB,A,A2,A,Stable,2026-06-01
KMI,BBB,Baa2,BBB,Stable,2026-07-01
KMX,BB+,Ba1,BB+,Stable,2026-07-01
KO,A+,A1,AA-,Stable,2026-04-24
KR,BBB,Baa2,BBB,Stable,2026-07-01
KVUE,A-,A3,A-,Stable,2026-07-01
L,BBB+,Baa1,BBB+,Stable,2026-07-01
LDOS,BBB,Baa2,BBB,Stable,2026-07-01
LEN,BBB,Baa2,BBB,Stable,2026-07-01
LH,BBB,Baa2,BBB,Stable,2026-07-01
LHX,BBB,Baa2,BBB,Stable,2026-06-15
LIN,A,A2,A,Stable,2026-07-01
LKQ,BBB-,Baa3,BBB-,Stable,2026-07-01
LLY,A+,Aa3,,S&P Stable / Moody's Positive,2025-12-12
LMT,A,A2,A,Stable,2026-04-15
LNC,BBB-,Baa3,BBB-,Stable,2026-07-01
LNT,BBB+,Baa1,BBB+,Stable,2026-07-01
LOW,BBB,Baa2,BBB,Stable,2026-07-01
LRCX,A,A2,A,Stable,2026-07-01
LULU,BBB+,Baa1,BBB+,Stable,2026-07-01
LUV,BBB,Baa2,BBB,Stable,2026-04-20
LVS,BBB-,Baa3,BBB-,Stable,2026-07-01
LW,BBB-,Baa3,BBB-,Stable,2026-07-01
LYB,BBB,Baa2,BBB,Stable,2026-07-01
LYV,BB-,Ba3,BB-,Stable,2026-07-01
MA,A+,A1,A+,Stable,2026-06-28
MAA,BBB+,Baa1,BBB+,Stable,2026-07-01
MAR,BBB,Baa2,BBB,Stable,2026-05-10
MAS,BBB,Baa2,BBB,Stable,2026-07-01
MCD,BBB+,Baa1,BBB+,Stable,2026-06-21
MCHP,BBB-,Baa3,BBB-,Stable,2026-07-01
MCK,BBB,Baa2,BBB,Stable,2026-07-01
MCO,A,A2,A,Stable,2026-07-01
MDB,BBB-,Baa3,BBB-,Stable,2026-07-01
MDLZ,BBB,Baa2,BBB,Stable,2026-07-01
MDT,A,A2,A,Stable,2026-07-01
MELI,BBB,Baa2,BBB,Stable,2026-07-01
MET,A,A2,A,Stable,2026-06-20
META,AA-,Aa3,AA-,Stable,2026-07-01
MGM,BB+,Ba1,BB+,Stable,2026-07-01
MHK,BBB-,Baa3,BBB-,Stable,2026-07-01
MKC,BBB,Baa2,BBB,Stable,2026-07-01
MKTX,BBB+,Baa1,BBB+,Stable,2026-07-01
MLM,BBB,Baa2,BBB,Stable,2026-07-01
MMC,A-,A3,A-,Stable,2026-06-22
MMM,BBB+,Baa1,BBB+,Stable,2026-05-15
MNST,A-,A3,A-,Stable,2026-07-01
MO,BBB,Baa2,BBB,Stable,2026-07-01
MOH,BBB-,Baa3,BBB-,Stable,2026-07-01
MOS,BBB-,Baa3,BBB-,Stable,2026-07-01
MPC,BBB+,Baa1,BBB+,Stable,2026-07-01
MPWR,BBB,Baa2,BBB,Stable,2026-07-01
MRK,A,A2,A,Stable,2026-07-01
MRNA,BBB-,Baa3,BBB-,Stable,2026-07-01
MRO,BBB,Baa2,BBB,Stable,2026-07-01
MRVL,BBB,Baa2,BBB,Stable,2026-07-01
MS,A-,A1,A,Stable,2026-04-20
MSCI,BBB,Baa2,BBB,Stable,2026-07-01
MSFT,AAA,Aaa,AAA,Stable,2026-07-01
MSI,BBB,Baa2,BBB,Stable,2026-07-01
MTB,BBB+,Baa1,BBB+,Stable,2026-07-01
MTCH,BB+,Ba1,BB+,Stable,2026-07-01
MTD,BBB+,Baa1,BBB+,Stable,2026-07-01
MU,BBB,Baa2,BBB,S&P Positive / Moody's Stable,2026-05-26
NCLH,B,B2,B,Stable,2026-07-01
NDAQ,BBB+,Baa1,BBB+,Stable,2026-07-01
NDSN,A-,A3,A-,Stable,2026-07-01
NEE,A-,A3,A-,Stable,2026-05-15
NFLX,A,A2,A,Positive,2026-07-01
NI,BBB+,Baa1,BBB+,Stable,2026-07-01
NKE,A+,A2,A+,Stable,2025-11-13
NOC,A,A2,A,Stable,2026-06-01
NOW,A,A2,A,Stable,2026-07-01
NRG,BB+,Ba1,BB+,Stable,2026-07-01
NSC,BBB+,Baa1,BBB+,Stable,2026-07-01
NTAP,BBB,Baa2,BBB,Stable,2026-07-01
NTRS,A,A2,A,Stable,2026-07-01
NUE,A-,A3,A-,Stable,2026-07-01
NVDA,AA,Aa2,AA,Stable,2026-07-01
NVR,BBB+,Baa1,BBB+,Stable,2026-07-01
NWS,BBB,Baa2,BBB,Stable,2026-07-01
NWSA,BBB,Baa2,BBB,Stable,2026-07-01
NXPI,BBB,Baa2,BBB,Stable,2026-07-01
O,BBB+,Baa1,BBB+,Stable,2026-07-01
ODFL,A,A2,A,Stable,2026-07-01
OKE,BBB,Baa2,BBB,Stable,2026-07-01
OMC,BBB,Baa2,BBB,Stable,2026-07-01
ON,BBB,Baa2,BBB,Stable,2026-07-01
ORCL,BBB,Baa2,BBB,Stable,2026-06-05
ORLY,BBB,Baa2,BBB,Stable,2026-07-01
OTIS,BBB+,Baa1,BBB+,Stable,2026-07-01
OXY,BBB-,Baa3,BBB-,Stable,2026-07-01
PANW,BBB,Baa2,BBB,Stable,2026-07-01
PARA,BB,Ba2,BB,Stable,2026-07-01
PAYC,BBB,Baa2,BBB,Stable,2026-07-01
PAYX,A+,A1,A+,Stable,2026-05-15
PCAR,AA-,Aa2,AA-,Stable,2026-06-28
PCG,BBB-,Baa3,BBB-,Stable,2026-07-01
PDD,BBB,Baa2,BBB,Stable,2026-07-01
PEG,BBB+,Baa1,BBB+,Stable,2026-05-15
PEP,A+,A1,A+,Stable,2026-04-10
PFE,A,A2,A,Stable,2026-07-01
PFG,A,A2,A,Stable,2026-07-01
PG,AA-,Aa3,AA-,Stable,2026-05-10
PGR,AA,Aa2,AA,Stable,2026-06-25
PH,A-,A3,A-,Stable,2026-05-30
PHM,BBB,Baa2,BBB,Stable,2026-07-01
PKG,BBB,Baa2,BBB,Stable,2026-07-01
PKI,BBB,Baa2,BBB,Stable,2026-07-01
PLD,A,A3,A,Stable,2026-06-01
PM,BBB,Baa2,BBB,Stable,2026-07-01
PNC,A-,A3,A-,Stable,2026-04-30
PNR,BBB,Baa2,BBB,Stable,2026-07-01
PNW,BBB,Baa2,BBB,Stable,2026-07-01
PODD,BB,Ba2,BB,Stable,2026-07-01
POOL,BBB,Baa2,BBB,Stable,2026-07-01
PPG,BBB,Baa2,BBB,Stable,2026-07-01
PPL,BBB+,Baa1,BBB+,Stable,2026-07-01
PRU,A,A2,A,Stable,2026-06-25
PSA,A,A2,A,Stable,2026-05-20
PSX,BBB+,Baa1,BBB+,Stable,2026-07-01
PTC,BBB,Baa2,BBB,Stable,2026-07-01
PTVE,BB+,Ba1,BB+,Stable,2026-07-01
PWR,BBB+,Baa1,BBB+,Stable,2026-07-01
PYPL,BBB+,Baa1,BBB+,Stable,2026-06-20
QCOM,A-,A3,A-,Stable,2026-06-12
QRVO,BBB-,Baa3,BBB-,Stable,2026-07-01
RCL,BB,Ba2,BB,Stable,2026-07-01
REG,BBB+,Baa1,BBB+,Stable,2026-07-01
REGN,A+,A1,A+,Stable,2026-06-01
RF,BBB,Baa2,BBB,Stable,2026-07-01
RJF,A-,A3,A-,Stable,2026-07-01
RL,BBB,Baa2,BBB,Stable,2026-07-01
RMD,BBB,Baa2,BBB,Stable,2026-07-01
ROK,A-,A3,A-,Stable,2026-06-12
ROL,BBB,Baa2,BBB,Stable,2026-07-01
ROP,BBB+,Baa1,BBB+,Stable,2026-07-01
ROST,A,A2,A,Stable,2026-04-15
RSG,A-,A3,A-,Stable,2026-07-01
RTX,A-,A3,A-,Stable,2026-06-10
RVTY,BBB,Baa2,BBB,Stable,2026-07-01
SBAC,BB,Ba2,BB,Stable,2026-07-01
SBUX,BBB+,Baa1,BBB+,Stable,2026-07-01
SCHW,A,A2,A,Stable,2026-07-01
SHW,A-,A3,A-,Stable,2026-06-01
SJM,BBB,Baa2,BBB,Stable,2026-07-01
SLB,A,A1,A,Stable,2026-05-20
SMCI,BB,Ba2,BB,Stable,2026-07-01
SNA,A,A2,A,Stable,2026-07-01
SNPS,A-,A3,A-,Stable,2026-06-01
SO,BBB,Baa2,BBB,Stable,2026-05-20
SOLV,BBB-,Baa3,BBB-,Stable,2026-07-01
SPG,A-,A3,A-,Stable,2026-04-10
SPGI,A-,A3,A-,Stable,2026-07-01
SRE,BBB+,Baa1,BBB+,Stable,2026-07-01
STE,A-,A3,A-,Stable,2026-07-01
STLD,BBB,Baa2,BBB,Stable,2026-07-01
STT,A,A1,A,Stable,2026-06-30
STX,BB+,Ba1,BB+,Stable,2026-07-01
STZ,BBB,Baa2,BBB,Stable,2026-07-01
SW,BBB,Baa2,BBB,Stable,2026-07-01
SWK,A-,A3,A-,Stable,2026-07-01
SWKS,BBB,Baa2,BBB,Stable,2026-07-01
SYF,BBB-,Baa3,BBB-,Stable,2026-07-01
SYK,A,A2,A,Stable,2026-06-18
SYY,BBB,Baa2,BBB,Stable,2026-07-01
T,BBB,Baa2,BBB,Stable,2026-06-05
TAP,BBB,Baa2,BBB,Stable,2026-07-01
TDG,B+,Ba3,B+,Stable,2026-06-05
TDY,BBB+,Baa1,BBB+,Stable,2026-07-01
TEAM,BBB,Baa2,BBB,Stable,2026-07-01
TECH,BBB,Baa2,BBB,Stable,2026-07-01
TEL,A-,A3,A-,Stable,2026-07-01
TER,BBB+,Baa1,BBB+,Stable,2026-07-01
TFC,BBB+,Baa1,BBB+,Stable,2026-05-10
TFX,BBB,Baa2,BBB,Stable,2026-07-01
TGT,A-,A3,A-,Stable,2026-07-01
TJX,A+,A1,A+,Stable,2026-03-30
TMO,A-,A3,A-,Stable,2026-07-01
TMUS,BBB,Baa2,BBB,Positive,2026-06-15
TPR,BBB-,Baa3,BBB-,Stable,2026-07-01
TRGP,BBB-,Baa3,BBB-,Stable,2026-07-01
TRMB,BBB,Baa2,BBB,Stable,2026-07-01
TROW,A,A2,A,Stable,2026-07-01
TRV,AA-,Aa3,AA-,Stable,2026-07-01
TSCO,BBB,Baa2,BBB,Stable,2026-07-01
TSLA,BBB,Baa3,BBB,Stable,2026-07-01
TSN,BBB,Baa2,BBB,Stable,2026-07-01
TT,A-,A3,A-,Stable,2026-07-01
TTD,BBB,Baa2,BBB,Stable,2026-07-01
TTWO,BBB,Baa2,BBB,Stable,2026-06-10
TXN,A+,A1,A+,Stable,2026-05-30
TXT,BBB,Baa2,BBB,Stable,2026-07-01
TYL,BBB,Baa2,BBB,Stable,2026-07-01
UAL,B+,Ba3,B+,Stable,2026-06-01
UBER,BBB-,Baa3,BBB-,Stable,2026-07-01
UDR,A-,A3,A-,Stable,2026-07-01
UHS,BBB,Baa2,BBB,Stable,2026-07-01
UNH,A+,A1,A+,Stable,2026-07-01
UNP,A,A2,A,Stable,2026-07-01
UPS,A,A2,A,Stable,2026-07-01
URI,BB+,Ba1,BB+,Stable,2026-07-01
USB,A,A1,A,Stable,2026-05-25
V,AA-,A1,AA-,Stable,2026-06-25
VICI,BBB-,Baa3,BBB-,Stable,2026-07-01
VLO,BBB,Baa2,BBB,Stable,2026-07-01
VLTO,BBB,Baa2,BBB,Stable,2026-07-01
VMC,BBB+,Baa1,BBB+,Stable,2026-07-01
VRSK,BBB,Baa2,BBB,Stable,2026-07-01
VRSN,BBB,Baa2,BBB,Stable,2026-07-01
VRTX,AA-,A1,AA-,Stable,2026-05-15
VTR,BBB,Baa2,BBB,Stable,2026-07-01
VTRS,BBB-,Baa3,BBB-,Stable,2026-07-01
VZ,BBB+,Baa1,BBB+,Stable,2026-05-25
WAB,BBB,Baa2,BBB,Stable,2026-07-01
WAT,BBB,Baa2,BBB,Stable,2026-07-01
WBA,BB+,Ba1,BB+,Stable,2026-07-01
WBD,BBB-,Baa3,BBB-,Stable,2026-07-01
WDAY,BBB+,Baa1,BBB+,Stable,2026-07-01
WDC,BB+,Ba1,BB+,Stable,2026-07-01
WEC,A-,A3,A-,Stable,2026-04-20
WELL,BBB+,Baa1,BBB+,Stable,2026-07-01
WFC,A-,A2,A-,Stable,2026-06-30
WHR,BBB-,Baa3,BBB-,Stable,2026-07-01
WM,A,A2,A,Stable,2026-07-01
WMB,BBB,Baa2,BBB,Stable,2026-07-01
WMT,AA,Aa2,,Stable,2026-04-07
WRB,A,A2,A,Stable,2026-07-01
WRK,BBB-,Baa3,BBB-,Stable,2026-07-01
WST,BBB+,Baa1,BBB+,Stable,2026-07-01
WTW,BBB,Baa2,BBB,Stable,2026-07-01
WY,BBB,Baa2,BBB,Stable,2026-07-01
WYNN,B+,B1,B+,Stable,2026-07-01
XEL,BBB+,Baa1,BBB+,Stable,2026-06-05
XOM,AA-,Aa2,AA-,Stable,2026-06-15
XYL,BBB+,Baa1,BBB+,Stable,2026-07-01
YUM,BB+,Ba1,BB+,Stable,2026-07-01
ZBH,BBB,Baa2,BBB,Stable,2026-07-01
ZBRA,BBB,Baa2,BBB,Stable,2026-07-01
ZM,BBB,Baa2,BBB,Stable,2026-07-01
ZS,BBB-,Baa3,BBB-,Stable,2026-07-01
ZTS,A-,A3,A-,Stable,2026-07-01
