ticker,split_detected,classification,periods_corrected,periods_suppressed,implied_ratio,interest_contradiction,gm_drop_bps,gm_flag_at_500,gm_flag_at_300,peers_derived,peers_valid,peers_dropped,dropped_names,peer_basis,error
A,N,,,,,N,187,N,N,6,6,0,,peer_set,
AAL,N,,,,,N,,,,6,6,0,,peer_set,
AAPL,N,,,,,Y,-70,N,N,6,5,1,WTO,peer_set,
ABBV,N,,,,,N,-24,N,N,6,6,0,,peer_set,
ABNB,N,,,,,N,13,N,N,6,5,1,VIK,peer_set,
ABT,N,,,,,N,-101,N,N,6,6,0,,peer_set,
ACGL,N,,,,,N,,,,6,6,0,,peer_set,
ACN,N,,,,,N,70,N,N,6,6,0,,peer_set,
ADBE,N,,,,,N,-23,N,N,6,6,0,,peer_set,
ADI,N,,,,,N,-438,N,N,6,5,1,SKHY,peer_set,
ADM,N,,,,,N,49,N,N,6,5,1,FDP,peer_set,
ADP,N,,,,,N,-39,N,N,6,6,0,,peer_set,
ADSK,N,,,,,N,-41,N,N,6,6,0,,peer_set,
AEE,N,,,,,N,-18,N,N,6,6,0,,peer_set,
AEP,N,,,,,N,410,N,Y,6,6,0,,peer_set,
AES,N,,,,,N,77,N,N,3,3,0,,peer_set,
AFL,N,,,,,N,,,,6,6,0,,peer_set,
AIG,N,,,,,N,,,,6,6,0,,peer_set,
AIZ,N,,,,,N,,,,6,6,0,,peer_set,
AJG,N,,,,,N,,,,6,6,0,,peer_set,
AKAM,N,,,,,N,44,N,N,6,6,0,,peer_set,
ALB,N,,,,,N,-1184,N,N,6,6,0,,peer_set,
ALGN,N,,,,,N,281,N,N,6,6,0,,peer_set,
ALL,N,,,,,N,,,,6,6,0,,peer_set,
ALLE,N,,,,,N,-97,N,N,6,6,0,,peer_set,
AMAT,N,,,,,N,-122,N,N,6,6,0,,peer_set,
AMCR,N,,,,,N,-107,N,N,6,6,0,,peer_set,
AMD,N,,,,,N,-17,N,N,6,5,1,SKHY,peer_set,
AME,N,,,,,N,-36,N,N,6,6,0,,peer_set,
AMGN,N,,,,,N,-572,N,N,6,6,0,,peer_set,
AMP,Y,likely_split,,FY2021,9.5:1,N,,,,6,6,0,,peer_set,
AMT,N,,,,,N,82,N,N,6,6,0,,peer_set,
AMZN,N,,,,,N,-143,N,N,6,6,0,,peer_set,
ANET,Y,likely_split,,FY2021,4:1,N,8,N,N,6,6,0,,peer_set,
ANSS,N,,,,,N,-96,N,N,,,0,,none,
AON,N,,,,,N,,,,6,6,0,,peer_set,
AOS,N,,,,,N,-70,N,N,6,6,0,,peer_set,
APA,N,,,,,N,,,,6,6,0,,peer_set,
APD,N,,,,,N,108,N,N,6,6,0,,peer_set,
APH,N,,,,,N,-312,N,N,6,6,0,,peer_set,
APO,N,,,,,N,,,,6,6,0,,peer_set,
APTV,N,,,,,N,-28,N,N,6,6,0,,peer_set,
ARE,N,,,,,N,167,N,N,6,6,0,,peer_set,
ARM,N,,,,,N,-56,N,N,6,5,1,SKHY,peer_set,
ASML,N,,,,,Y,-155,N,N,6,6,0,,peer_set,
ATO,N,,,,,N,,,,6,6,0,,peer_set,
AVB,N,,,,,N,,,,6,6,0,,peer_set,
AVGO,Y,likely_split,,FY2021,9.9:1,N,-473,N,N,6,5,1,SKHY,peer_set,
AVY,N,,,,,N,15,N,N,6,6,0,,peer_set,
AWK,N,,,,,N,,,,6,6,0,,peer_set,
AXON,N,,,,,N,-5,N,N,6,6,0,,peer_set,
AXP,N,,,,,N,,,,6,6,0,,peer_set,
AZN,N,,,,,N,-77,N,N,6,6,0,,peer_set,
AZO,N,,,,,N,47,N,N,6,6,0,,peer_set,
BA,N,,,,,N,,,,6,6,0,,peer_set,
BAC,N,,,,,N,,,,6,6,0,,peer_set,
BALL,N,,,,,N,111,N,N,6,6,0,,peer_set,
BAX,N,,,,,N,741,Y,Y,6,6,0,,peer_set,
BBWI,N,,,,,N,52,N,N,6,6,0,,peer_set,
BBY,N,,,,,N,12,N,N,6,6,0,,peer_set,
BCR,N,,,,,N,,,,,,0,,none,
BDX,N,,,,,N,-22,N,N,6,6,0,,peer_set,
BEN,N,,,,,N,,,,6,6,0,,peer_set,
BF-B,N,,,,,N,-160,N,N,,,0,,none,
BG,N,,,,,N,154,N,N,6,5,1,FDP,peer_set,
BIIB,N,,,,,N,43,N,N,6,6,0,,peer_set,
BIO,N,,,,,N,186,N,N,6,6,0,,peer_set,
BK,N,,,,,N,,,,,,0,,none,
BKNG,Y,likely_split,,FY2021,24.2:1,N,,,,6,5,1,VIK,peer_set,
BKR,N,,,,,N,,,,6,6,0,,peer_set,
BLDR,N,,,,,N,244,N,N,6,6,0,,peer_set,
BLK,N,,,,,N,,,,6,6,0,,peer_set,
BMY,N,,,,,N,-0,N,N,6,6,0,,peer_set,
BR,N,,,,,N,-76,N,N,6,6,0,,peer_set,
BRK-B,N,,,,,N,,,,6,6,0,,peer_set,
BRO,N,,,,,N,,,,6,6,0,,peer_set,
BSX,N,,,,,N,-40,N,N,6,6,0,,peer_set,
BX,N,,,,,N,,,,6,6,0,,peer_set,
C,N,,,,,N,,,,6,6,0,,peer_set,
CAG,N,,,,,N,195,N,N,6,5,1,JBS,peer_set,
CAH,N,,,,,N,-17,N,N,4,3,1,EMPG,peer_set,
CARR,N,,,,,N,,,,6,6,0,,peer_set,
CAT,N,,,,,N,,,,6,6,0,,peer_set,
CB,N,,,,,N,,,,6,6,0,,peer_set,
CBOE,N,,,,,N,-91,N,N,6,6,0,,peer_set,
CBRE,N,,,,,N,75,N,N,6,6,0,,peer_set,
CCEP,N,,,,,N,-31,N,N,6,6,0,,peer_set,
CCI,N,,,,,N,830,Y,Y,6,6,0,,peer_set,
CCL,N,,,,,N,,,,6,5,1,VIK,peer_set,
CDNS,N,,,,,N,,,,6,6,0,,peer_set,
CDW,N,,,,,N,18,N,N,6,6,0,,peer_set,
CE,N,,,,,N,239,N,N,6,6,0,,peer_set,
CEG,N,,,,,N,75,N,N,6,5,1,TLNE,peer_set,
CF,N,,,,,N,-382,N,N,6,5,1,UAN,peer_set,
CFG,N,,,,,N,,,,6,5,1,NU,peer_set,
CHD,N,,,,,N,95,N,N,6,6,0,,peer_set,
CHRW,N,,,,,N,,,,6,6,0,,peer_set,
CHTR,N,,,,,N,,,,6,6,0,,peer_set,
CI,N,,,,,N,435,N,Y,6,6,0,,peer_set,
CINF,N,,,,,N,,,,6,6,0,,peer_set,
CL,N,,,,,N,39,N,N,6,6,0,,peer_set,
CLX,N,,,,,N,-226,N,N,6,6,0,,peer_set,
CMCSA,N,,,,,N,,,,6,6,0,,peer_set,
CME,N,,,,,N,,,,6,6,0,,peer_set,
CMG,Y,likely_split,,FY2021,49.2:1,N,-25,N,N,6,6,0,,peer_set,
CMI,N,,,,,N,-55,N,N,6,6,0,,peer_set,
CMS,N,,,,,N,,,,6,6,0,,peer_set,
CNC,N,,,,,N,-30,N,N,6,6,0,,peer_set,
CNP,N,,,,,N,,,,6,6,0,,peer_set,
COF,N,,,,,N,,,,6,6,0,,peer_set,
COO,Y,likely_split,,FY2021,4:1,N,110,N,N,6,6,0,,peer_set,
COP,N,,,,,N,367,N,Y,6,6,0,,peer_set,
COR,N,,,,,N,-20,N,N,4,3,1,EMPG,peer_set,
COST,N,,,,,N,-23,N,N,6,5,1,TBBB,peer_set,
CPAY,N,,,,,N,,,,6,6,0,,peer_set,
CPB,N,,,,,N,41,N,N,6,5,1,JBS,peer_set,
CPRT,N,,,,,N,148,N,N,6,6,0,,peer_set,
CPT,N,,,,,N,-18,N,N,6,6,0,,peer_set,
CRL,N,,,,,N,,,,6,6,0,,peer_set,
CRM,N,,,,,N,-48,N,N,6,6,0,,peer_set,
CRWD,Y,likely_split,,FY2022,4.1:1,N,25,N,N,6,6,0,,peer_set,
CSCO,N,,,,,N,-21,N,N,6,6,0,,peer_set,
CSGP,N,,,,,N,72,N,N,6,6,0,,peer_set,
CSX,N,,,,,N,,,,6,6,0,,peer_set,
CTAS,Y,likely_split,,FY2022,3.9:1,N,-63,N,N,6,6,0,,peer_set,
CTLT,N,,,,,N,264,N,N,,,0,,none,
CTRA,N,,,,,N,597,Y,Y,,,0,,none,
CTSH,N,,,,,N,63,N,N,6,6,0,,peer_set,
CTVA,N,,,,,N,-365,N,N,6,5,1,UAN,peer_set,
CVS,N,,,,,N,-33,N,N,6,6,0,,peer_set,
CVX,N,,,,,N,-373,N,N,4,4,0,,peer_set,
CZR,N,,,,,N,,,,6,6,0,,peer_set,
D,N,,,,,N,,,,6,6,0,,peer_set,
DAL,N,,,,,N,,,,6,6,0,,peer_set,
DAY,N,,,,,N,-343,N,N,,,0,,none,
DD,Y,likely_split,,FY2021,3.3:1 (reverse),N,189,N,N,6,6,0,,peer_set,
DDOG,N,,,,,N,84,N,N,6,6,0,,peer_set,
DE,N,,,,,N,,,,6,6,0,,peer_set,
DECK,Y,likely_split,,FY2022,5.8:1,N,18,N,N,6,6,0,,peer_set,
DFS,N,,,,,N,,,,,,0,,none,
DG,N,,,,,N,-107,N,N,6,5,1,TBBB,peer_set,
DGX,N,,,,,N,-35,N,N,6,6,0,,peer_set,
DHI,N,,,,,N,221,N,N,6,5,1,TMHC,peer_set,
DHR,N,,,,,N,39,N,N,6,6,0,,peer_set,
DIS,N,,,,,N,,,,6,6,0,,peer_set,
DLR,Y,likely_split,,FY2021,4.2:1,N,,,,6,6,0,,peer_set,
DLTR,N,,,,,N,-59,N,N,6,5,1,TBBB,peer_set,
DOC,N,,,,,N,,,,6,6,0,,peer_set,
DOV,N,,,,,N,-157,N,N,6,6,0,,peer_set,
DOW,N,,,,,N,438,N,Y,6,6,0,,peer_set,
DPZ,N,,,,,N,-67,N,N,6,6,0,,peer_set,
DRI,N,,,,,N,-8,N,N,6,6,0,,peer_set,
DTE,N,,,,,N,,,,6,6,0,,peer_set,
DUK,N,,,,,N,303,N,Y,6,6,0,,peer_set,
DVA,N,,,,,N,,,,6,6,0,,peer_set,
DVN,N,,,,,N,299,N,N,6,6,0,,peer_set,
DXC,N,,,,,N,12,N,N,6,6,0,,peer_set,
DXCM,N,,,,,N,36,N,N,6,6,0,,peer_set,
EA,N,,,,,N,36,N,N,4,4,0,,peer_set,
EBAY,N,,,,,N,54,N,N,6,6,0,,peer_set,
ECL,N,,,,,N,-100,N,N,6,6,0,,peer_set,
ED,N,,,,,N,,,,6,6,0,,peer_set,
EFX,N,,,,,N,-78,N,N,6,6,0,,peer_set,
EG,N,,,,,N,,,,6,6,0,,peer_set,
EIX,N,,,,,N,,,,6,6,0,,peer_set,
EL,N,,,,,N,-153,N,N,6,6,0,,peer_set,
ELV,N,,,,,N,-52,N,N,6,6,0,,peer_set,
EMN,N,,,,,N,334,N,Y,6,6,0,,peer_set,
EMR,N,,,,,N,-204,N,N,6,6,0,,peer_set,
ENPH,N,,,,,N,65,N,N,6,6,0,,peer_set,
EOG,N,,,,,N,,,,6,6,0,,peer_set,
EPAM,N,,,,,N,184,N,N,6,6,0,,peer_set,
EQIX,N,,,,,N,-215,N,N,6,6,0,,peer_set,
EQR,N,,,,,N,48,N,N,6,6,0,,peer_set,
EQT,N,,,,,N,-1860,N,N,6,6,0,,peer_set,
ES,N,,,,,N,-4,N,N,6,6,0,,peer_set,
ESS,N,,,,,N,15,N,N,6,6,0,,peer_set,
ETN,N,,,,,N,61,N,N,6,6,0,,peer_set,
ETR,N,,,,,N,-80,N,N,6,6,0,,peer_set,
ETSY,N,,,,,N,78,N,N,6,6,0,,peer_set,
EVRG,N,,,,,N,,,,6,6,0,,peer_set,
EW,N,,,,,N,144,N,N,6,6,0,,peer_set,
EXC,N,,,,,N,-11,N,N,6,6,0,,peer_set,
EXPD,N,,,,,Y,,,,6,6,0,,peer_set,
EXPE,N,,,,,N,-66,N,N,6,5,1,VIK,peer_set,
EXR,Y,likely_split,,FY2021,3:1,N,165,N,N,6,6,0,,peer_set,
F,N,,,,,N,752,Y,Y,6,4,2,WCHS CYD,peer_set,
FANG,N,,,,,N,90,N,N,6,6,0,,peer_set,
FAST,N,,,,,N,7,N,N,6,6,0,,peer_set,
FCX,N,,,,,N,362,N,Y,,,0,,none,
FDS,N,,,,,N,135,N,N,6,6,0,,peer_set,
FDX,N,,,,,N,,,,6,6,0,,peer_set,
FE,Y,likely_split,,FY2021,4.2:1,N,-270,N,N,6,6,0,,peer_set,
FFIV,N,,,,,N,-122,N,N,6,6,0,,peer_set,
FI,N,,,,,N,,,,,,0,,none,
FICO,N,,,,,N,-251,N,N,6,6,0,,peer_set,
FIS,N,,,,,N,70,N,N,6,6,0,,peer_set,
FISV,N,,,,,N,,,,,,0,,none,
FITB,N,,,,,N,,,,6,5,1,NU,peer_set,
FLT,N,,,,,N,,,,,,0,,none,
FMC,N,,,,,N,183,N,N,6,5,1,UAN,peer_set,
FOX,N,,,,,N,,,,6,6,0,,peer_set,
FOXA,N,,,,,N,,,,6,6,0,,peer_set,
FRT,N,,,,,N,8,N,N,6,6,0,,peer_set,
FSLR,N,,,,,N,354,N,Y,6,6,0,,peer_set,
FTNT,N,,,,,N,11,N,N,6,6,0,,peer_set,
FTV,N,,,,,N,-363,N,N,6,6,0,,peer_set,
GD,N,,,,,N,,,,6,6,0,,peer_set,
GDDY,N,,,,,N,26,N,N,6,6,0,,peer_set,
GE,N,,,,,N,,,,6,6,0,,peer_set,
GEHC,N,,,,,N,172,N,N,6,6,0,,peer_set,
GEN,N,,,,,N,182,N,N,6,6,0,,peer_set,
GEV,N,,,,,N,-238,N,N,6,6,0,,peer_set,
GFS,N,,,,,N,-43,N,N,6,5,1,SKHY,peer_set,
GILD,N,,,,,N,-57,N,N,6,6,0,,peer_set,
GIS,N,,,,,N,92,N,N,6,5,1,JBS,peer_set,
GL,N,,,,,N,,,,6,6,0,,peer_set,
GLW,N,,,,,N,-337,N,N,6,6,0,,peer_set,
GM,N,,,,,N,,,,6,4,2,WCHS CYD,peer_set,
GNRC,N,,,,,N,48,N,N,6,6,0,,peer_set,
GOOG,N,,,,,N,-145,N,N,6,6,0,,peer_set,
GOOGL,N,,,,,N,-145,N,N,6,6,0,,peer_set,
GPC,N,,,,,N,-50,N,N,6,6,0,,peer_set,
GPN,N,,,,,N,-978,N,N,6,6,0,,peer_set,
GRMN,Y,unit_error,FY2021,,"1,000x (corrected)",N,-4,N,N,6,6,0,,peer_set,
GS,N,,,,,N,,,,6,6,0,,peer_set,
GWW,N,,,,,N,30,N,N,6,6,0,,peer_set,
HAL,N,,,,,N,,,,6,6,0,,peer_set,
HAS,N,,,,,N,-117,N,N,6,6,0,,peer_set,
HBAN,N,,,,,N,,,,6,5,1,NU,peer_set,
HCA,N,,,,,N,,,,6,6,0,,peer_set,
HD,N,,,,,N,10,N,N,4,4,0,,peer_set,
HES,N,,,,,N,,,,,,0,,none,
HIG,N,,,,,N,,,,6,6,0,,peer_set,
HII,N,,,,,N,,,,6,6,0,,peer_set,
HLT,N,,,,,N,,,,6,6,0,,peer_set,
HOLX,N,,,,,N,2,N,N,,,0,,none,
HON,N,,,,,N,115,N,N,6,6,0,,peer_set,
HPE,N,,,,,N,,,,6,6,0,,peer_set,
HPQ,N,,,,,N,146,N,N,6,6,0,,peer_set,
HRL,N,,,,,N,134,N,N,6,5,1,JBS,peer_set,
HSIC,N,,,,,N,55,N,N,4,3,1,EMPG,peer_set,
HST,N,,,,,N,,,,6,6,0,,peer_set,
HSY,N,,,,,N,1377,Y,Y,,,0,,none,
HUBB,N,,,,,N,-149,N,N,6,6,0,,peer_set,
HUM,N,,,,,N,,,,6,6,0,,peer_set,
HWM,N,,,,,N,-307,N,N,6,6,0,,peer_set,
IBM,N,,,,,N,-153,N,N,6,6,0,,peer_set,
ICE,N,,,,,N,,,,6,6,0,,peer_set,
IDXX,N,,,,,N,-76,N,N,6,6,0,,peer_set,
IEX,N,,,,,N,-29,N,N,6,6,0,,peer_set,
IFF,N,,,,,N,-25,N,N,6,6,0,,peer_set,
ILMN,N,,,,,N,-64,N,N,6,6,0,,peer_set,
INCY,N,,,,,N,,,,6,6,0,,peer_set,
INTC,N,,,,,N,-210,N,N,6,5,1,SKHY,peer_set,
INTU,N,,,,,N,,,,6,6,0,,peer_set,
INVH,N,,,,,N,93,N,N,6,6,0,,peer_set,
IP,N,,,,,N,-145,N,N,6,6,0,,peer_set,
IPG,N,,,,,N,4,N,N,,,0,,none,
IQV,N,,,,,N,160,N,N,6,6,0,,peer_set,
IR,N,,,,,N,21,N,N,6,6,0,,peer_set,
IRM,N,,,,,N,,,,6,6,0,,peer_set,
ISRG,N,,,,,N,146,N,N,6,6,0,,peer_set,
IT,N,,,,,N,-67,N,N,6,6,0,,peer_set,
ITW,N,,,,,N,18,N,N,6,6,0,,peer_set,
IVZ,N,,,,,N,,,,6,6,0,,peer_set,
J,N,,,,,N,-18,N,N,6,6,0,,peer_set,
JBHT,N,,,,,N,,,,6,6,0,,peer_set,
JBL,N,,,,,N,39,N,N,6,6,0,,peer_set,
JCI,N,,,,,N,-122,N,N,6,6,0,,peer_set,
JKHY,N,,,,,N,-94,N,N,6,6,0,,peer_set,
JNJ,N,,,,,N,119,N,N,6,6,0,,peer_set,
JNPR,N,,,,,N,-122,N,N,,,0,,none,
JPM,N,,,,,N,,,,6,6,0,,peer_set,
K,N,,,,,N,-301,N,N,,,0,,none,
KDP,N,,,,,N,136,N,N,6,6,0,,peer_set,
KEY,N,,,,,N,,,,6,5,1,NU,peer_set,
KEYS,N,,,,,N,84,N,N,6,6,0,,peer_set,
KHC,N,,,,,N,138,N,N,6,5,1,JBS,peer_set,
KIM,N,,,,,N,,,,6,6,0,,peer_set,
KLAC,Y,likely_split,,FY2022,9.3:1,N,-39,N,N,6,6,0,,peer_set,
KMB,N,,,,,N,-22,N,N,6,6,0,,peer_set,
KMI,N,,,,,N,,,,6,6,0,,peer_set,
KMX,N,,,,,N,15,N,N,6,6,0,,peer_set,
KO,N,,,,,N,-56,N,N,6,6,0,,peer_set,
KR,N,,,,,N,-60,N,N,6,6,0,,peer_set,
KVUE,N,,,,,N,-16,N,N,6,6,0,,peer_set,
L,N,,,,,N,,,,6,6,0,,peer_set,
LDOS,N,,,,,N,-138,N,N,6,6,0,,peer_set,
LEN,N,,,,,N,,,,6,5,1,TMHC,peer_set,
LH,N,,,,,N,-90,N,N,6,6,0,,peer_set,
LHX,N,,,,,N,,,,6,6,0,,peer_set,
LIN,N,,,,,N,-78,N,N,6,6,0,,peer_set,
LKQ,N,,,,,N,52,N,N,6,6,0,,peer_set,
LLY,N,,,,,N,-173,N,N,6,6,0,,peer_set,
LMT,N,,,,,N,-40,N,N,6,6,0,,peer_set,
LNC,N,,,,,N,,,,6,6,0,,peer_set,
LNT,N,,,,,N,-107,N,N,6,6,0,,peer_set,
LOW,N,,,,,N,-16,N,N,4,4,0,,peer_set,
LRCX,Y,likely_split,,FY2022,9.7:1,N,-176,N,N,6,6,0,,peer_set,
LULU,N,,,,,N,262,N,N,6,6,0,,peer_set,
LUV,N,,,,,N,,,,6,6,0,,peer_set,
LVS,N,,,,,N,,,,6,6,0,,peer_set,
LW,N,,,,,N,112,N,N,6,5,1,JBS,peer_set,
LYB,N,,,,,N,278,N,N,6,6,0,,peer_set,
LYV,N,,,,,N,-61,N,N,6,6,0,,peer_set,
MA,N,,,,,N,,,,6,6,0,,peer_set,
MAA,N,,,,,N,,,,6,6,0,,peer_set,
MAR,N,,,,,N,,,,6,6,0,,peer_set,
MAS,N,,,,,N,74,N,N,6,6,0,,peer_set,
MCD,N,,,,,N,,,,6,6,0,,peer_set,
MCHP,N,,,,,N,-167,N,N,6,5,1,SKHY,peer_set,
MCK,N,,,,,N,10,N,N,4,3,1,EMPG,peer_set,
MCO,N,,,,,N,-188,N,N,6,6,0,,peer_set,
MDB,N,,,,,N,157,N,N,6,6,0,,peer_set,
MDLZ,N,,,,,N,1075,Y,Y,,,0,,none,
MDT,N,,,,,N,30,N,N,6,6,0,,peer_set,
MELI,N,,,,,N,407,N,Y,6,6,0,,peer_set,
MET,N,,,,,N,,,,6,6,0,,peer_set,
META,N,,,,,N,-33,N,N,6,6,0,,peer_set,
MGM,N,,,,,N,,,,6,6,0,,peer_set,
MHK,N,,,,,N,92,N,N,6,6,0,,peer_set,
MKC,N,,,,,N,64,N,N,6,5,1,JBS,peer_set,
MKTX,N,,,,,N,,,,6,6,0,,peer_set,
MLM,N,,,,,N,-198,N,N,6,6,0,,peer_set,
MMC,N,,,,,N,,,,,,0,,none,
MMM,N,,,,,N,130,N,N,6,6,0,,peer_set,
MNST,N,,,,,N,-181,N,N,6,6,0,,peer_set,
MO,N,,,,,N,-126,N,N,5,4,1,AIIR,peer_set,
MOH,N,,,,,N,223,N,N,6,6,0,,peer_set,
MOS,N,,,,,N,-219,N,N,6,5,1,UAN,peer_set,
MPC,N,,,,,N,-90,N,N,6,6,0,,peer_set,
MPWR,N,,,,,N,,,,6,5,1,SKHY,peer_set,
MRK,N,,,,,N,152,N,N,6,6,0,,peer_set,
MRNA,N,,,,,N,-59,N,N,6,6,0,,peer_set,
MRO,N,,,,,N,-68,N,N,,,0,,none,
MRVL,N,,,,,N,-971,N,N,6,5,1,SKHY,peer_set,
MS,N,,,,,N,,,,6,6,0,,peer_set,
MSCI,N,,,,,N,-45,N,N,6,6,0,,peer_set,
MSFT,N,,,,,N,88,N,N,6,6,0,,peer_set,
MSI,N,,,,,N,-70,N,N,6,6,0,,peer_set,
MTB,N,,,,,N,,,,6,5,1,NU,peer_set,
MTCH,N,,,,,N,-129,N,N,6,6,0,,peer_set,
MTD,N,,,,,N,68,N,N,6,6,0,,peer_set,
MU,N,,,,,N,-1744,N,N,6,5,1,SKHY,peer_set,
NCLH,N,,,,,N,-263,N,N,6,5,1,VIK,peer_set,
NDAQ,N,,,,,N,-71,N,N,6,6,0,,peer_set,
NDSN,N,,,,,N,9,N,N,6,6,0,,peer_set,
NEE,N,,,,,N,,,,6,6,0,,peer_set,
NFLX,Y,likely_split,,FY2021,9.9:1,N,-243,N,N,6,6,0,,peer_set,
NI,N,,,,,N,286,N,N,6,6,0,,peer_set,
NKE,N,,,,,N,-18,N,N,6,6,0,,peer_set,
NOC,N,,,,,N,,,,6,6,0,,peer_set,
NOW,Y,likely_split,,FY2021,5:1,N,164,N,N,6,6,0,,peer_set,
NRG,N,,,,,N,189,N,N,6,5,1,TLNE,peer_set,
NSC,N,,,,,N,,,,6,6,0,,peer_set,
NTAP,N,,,,,N,-55,N,N,6,6,0,,peer_set,
NTRS,N,,,,,N,,,,6,6,0,,peer_set,
NUE,N,,,,,N,141,N,N,6,6,0,,peer_set,
NVDA,Y,likely_split,,FY2022,9.9:1,N,392,N,Y,6,5,1,SKHY,peer_set,
NVR,N,,,,,N,,,,6,5,1,TMHC,peer_set,
NWS,N,,,,,N,,,,6,6,0,,peer_set,
NWSA,N,,,,,N,,,,6,6,0,,peer_set,
NXPI,N,,,,,N,170,N,N,6,5,1,SKHY,peer_set,
O,N,,,,,N,,,,6,6,0,,peer_set,
ODFL,N,,,,,N,,,,6,6,0,,peer_set,
OKE,N,,,,,N,816,Y,Y,6,6,0,,peer_set,
OMC,N,,,,,N,1015,Y,Y,6,5,1,QMMM,peer_set,
ON,N,,,,,N,1232,Y,Y,6,5,1,SKHY,peer_set,
ORCL,N,,,,,N,,,,6,6,0,,peer_set,
ORLY,Y,likely_split,,FY2021,14:1,N,-39,N,N,6,6,0,,peer_set,
OTIS,N,,,,,N,,,,6,6,0,,peer_set,
OXY,N,,,,,N,,,,6,6,0,,peer_set,
PANW,N,,,,,N,93,N,N,6,6,0,,peer_set,
PARA,Y,likely_split unknown,,,8.486x (corrected),N,-1342,N,N,6,6,0,,peer_set,
PAYC,N,,,,,N,-93,N,N,6,6,0,,peer_set,
PAYX,N,,,,,N,-160,N,N,6,6,0,,peer_set,
PCAR,N,,,,,N,249,N,N,6,6,0,,peer_set,
PCG,N,,,,,N,,,,6,6,0,,peer_set,
PDD,Y,likely_split,,FY2021,4:1 (reverse),N,464,N,Y,6,6,0,,peer_set,
PEG,N,,,,,N,121,N,N,6,6,0,,peer_set,
PEP,N,,,,,N,41,N,N,6,6,0,,peer_set,
PFE,N,,,,,N,-238,N,N,6,6,0,,peer_set,
PFG,N,,,,,N,,,,6,6,0,,peer_set,
PG,N,,,,,N,98,N,N,6,6,0,,peer_set,
PGR,N,,,,,N,,,,6,6,0,,peer_set,
PH,N,,,,,N,-83,N,N,6,6,0,,peer_set,
PHM,N,,,,,N,,,,6,5,1,TMHC,peer_set,
PKG,N,,,,,N,25,N,N,6,6,0,,peer_set,
PKI,N,,,,,N,,,,,,0,,none,
PLD,N,,,,,N,82,N,N,6,6,0,,peer_set,
PM,N,,,,,N,-231,N,N,5,4,1,AIIR,peer_set,
PNC,N,,,,,N,,,,6,5,1,NU,peer_set,
PNR,N,,,,,N,-132,N,N,6,6,0,,peer_set,
PNW,N,,,,,N,64,N,N,6,6,0,,peer_set,
PODD,N,,,,,N,-185,N,N,6,6,0,,peer_set,
POOL,N,,,,,N,-7,N,N,6,6,0,,peer_set,
PPG,N,,,,,N,29,N,N,6,6,0,,peer_set,
PPL,N,,,,,N,5,N,N,6,6,0,,peer_set,
PRU,N,,,,,N,,,,6,6,0,,peer_set,
PSA,N,,,,,N,,,,6,6,0,,peer_set,
PSX,N,,,,,N,-309,N,N,6,6,0,,peer_set,
PTC,N,,,,,N,-311,N,N,6,6,0,,peer_set,
PTVE,N,,,,,N,-542,N,N,,,0,,none,
PWR,N,,,,,N,-18,N,N,6,6,0,,peer_set,
PYPL,N,,,,,N,,,,6,6,0,,peer_set,
QCOM,N,,,,,N,79,N,N,6,5,1,SKHY,peer_set,
QRVO,N,,,,,N,-460,N,N,6,5,1,SKHY,peer_set,
RCL,N,,,,,N,-184,N,N,6,5,1,VIK,peer_set,
REG,N,,,,,N,,,,6,6,0,,peer_set,
REGN,N,,,,,N,,,,6,6,0,,peer_set,
RF,N,,,,,N,,,,6,5,1,NU,peer_set,
RJF,N,,,,,N,,,,6,6,0,,peer_set,
RL,N,,,,,N,-131,N,N,6,6,0,,peer_set,
RMD,N,,,,,N,-169,N,N,6,6,0,,peer_set,
ROK,N,,,,,N,-950,N,N,6,6,0,,peer_set,
ROL,N,,,,,N,-6,N,N,6,6,0,,peer_set,
ROP,N,,,,,N,6,N,N,6,6,0,,peer_set,
ROST,N,,,,,N,7,N,N,6,6,0,,peer_set,
RSG,N,,,,,N,-31,N,N,6,6,0,,peer_set,
RTX,N,,,,,N,,,,6,6,0,,peer_set,
RVTY,N,,,,,N,,,,6,6,0,,peer_set,
SBAC,N,,,,,N,284,N,N,6,6,0,,peer_set,
SBUX,N,,,,,N,,,,6,6,0,,peer_set,
SCHW,N,,,,,N,,,,6,6,0,,peer_set,
SHW,N,,,,,N,-38,N,N,6,6,0,,peer_set,
SJM,N,,,,,N,526,Y,Y,6,5,1,JBS,peer_set,
SLB,N,,,,,N,,,,6,6,0,,peer_set,
SMCI,Y,likely_split,,FY2021,10:1,N,269,N,N,6,6,0,,peer_set,
SNA,N,,,,,N,,,,6,6,0,,peer_set,
SNPS,N,,,,,N,269,N,N,6,6,0,,peer_set,
SO,N,,,,,N,,,,6,6,0,,peer_set,
SOLV,N,,,,,N,218,N,N,6,6,0,,peer_set,
SPG,N,,,,,N,-113,N,N,6,6,0,,peer_set,
SPGI,N,,,,,N,-94,N,N,6,6,0,,peer_set,
SRE,N,,,,,N,,,,3,3,0,,peer_set,
STE,N,,,,,N,-24,N,N,6,6,0,,peer_set,
STLD,N,,,,,N,282,N,N,6,6,0,,peer_set,
STT,N,,,,,N,,,,6,6,0,,peer_set,
STX,N,,,,,N,-1040,N,N,6,6,0,,peer_set,
STZ,N,,,,,N,51,N,N,,,0,,none,
SW,N,,,,,N,49,N,N,6,6,0,,peer_set,
SWK,N,,,,,N,-95,N,N,6,6,0,,peer_set,
SWKS,N,,,,,N,3,N,N,6,5,1,SKHY,peer_set,
SYF,Y,likely_split,,FY2021,5.1:1,N,,,,6,6,0,,peer_set,
SYK,N,,,,,N,-6,N,N,6,6,0,,peer_set,
SYY,N,,,,,N,-10,N,N,6,6,0,,peer_set,
T,N,,,,,N,-181,N,N,6,6,0,,peer_set,
TAP,N,,,,,N,100,N,N,,,0,,none,
TDG,N,,,,,N,-130,N,N,6,6,0,,peer_set,
TDY,N,,,,,N,18,N,N,6,6,0,,peer_set,
TEAM,N,,,,,N,-199,N,N,6,6,0,,peer_set,
TECH,N,,,,,N,-97,N,N,6,6,0,,peer_set,
TEL,N,,,,,N,-78,N,N,6,6,0,,peer_set,
TER,N,,,,,N,25,N,N,6,6,0,,peer_set,
TFC,N,,,,,N,,,,6,5,1,NU,peer_set,
TFX,N,,,,,N,-37,N,N,6,6,0,,peer_set,
TGT,N,,,,,N,28,N,N,6,5,1,TBBB,peer_set,
TJX,N,,,,,N,-36,N,N,6,6,0,,peer_set,
TMO,N,,,,,N,,,,6,6,0,,peer_set,
TMUS,N,,,,,N,,,,6,6,0,,peer_set,
TPR,N,,,,,N,-238,N,N,5,4,1,SIG,peer_set,
TRGP,N,,,,,N,-363,N,N,6,6,0,,peer_set,
TRMB,N,,,,,N,-402,N,N,6,6,0,,peer_set,
TROW,N,,,,,N,,,,6,6,0,,peer_set,
TRV,Y,unknown,,FY2021,101.5:1 (reverse),N,,,,6,6,0,,peer_set,
TSCO,Y,likely_split,,FY2021,4.8:1,N,-16,N,N,6,6,0,,peer_set,
TSLA,N,,,,,N,-16,N,N,6,4,2,WCHS CYD,peer_set,
TSN,N,,,,,N,26,N,N,6,5,1,FDP,peer_set,
TT,N,,,,,N,,,,6,6,0,,peer_set,
TTD,N,,,,,N,207,N,N,6,5,1,QMMM,peer_set,
TTWO,N,,,,,N,-288,N,N,4,4,0,,peer_set,
TXN,N,,,,,N,112,N,N,6,5,1,SKHY,peer_set,
TXT,N,,,,,N,,,,6,6,0,,peer_set,
TYL,N,,,,,N,-269,N,N,6,6,0,,peer_set,
UAL,N,,,,,N,,,,6,6,0,,peer_set,
UBER,N,,,,,N,-36,N,N,6,6,0,,peer_set,
UDR,N,,,,,N,48,N,N,6,6,0,,peer_set,
UHS,N,,,,,N,,,,6,6,0,,peer_set,
UNH,N,,,,,N,-147,N,N,6,6,0,,peer_set,
UNP,N,,,,,N,,,,6,6,0,,peer_set,
UPS,N,,,,,N,,,,6,6,0,,peer_set,
URI,N,,,,,N,191,N,N,6,6,0,,peer_set,
USB,N,,,,,N,,,,6,5,1,NU,peer_set,
V,N,,,,,N,,,,6,6,0,,peer_set,
VICI,N,,,,,N,-3,N,N,6,6,0,,peer_set,
VLO,N,,,,,N,-73,N,N,6,6,0,,peer_set,
VLTO,N,,,,,N,-16,N,N,4,4,0,,peer_set,
VMC,N,,,,,N,-43,N,N,6,6,0,,peer_set,
VRSK,N,,,,,N,-115,N,N,6,6,0,,peer_set,
VRSN,N,,,,,N,-44,N,N,6,6,0,,peer_set,
VRTX,N,,,,,N,-13,N,N,6,6,0,,peer_set,
VTR,N,,,,,N,123,N,N,6,6,0,,peer_set,
VTRS,N,,,,,N,312,N,Y,6,6,0,,peer_set,
VZ,N,,,,,N,,,,6,6,0,,peer_set,
WAB,N,,,,,N,-168,N,N,6,6,0,,peer_set,
WAT,N,,,,,N,15,N,N,6,6,0,,peer_set,
WBA,N,,,,,N,150,N,N,,,0,,none,
WBD,N,,,,,N,-242,N,N,6,6,0,,peer_set,
WDAY,N,,,,,N,,,,6,6,0,,peer_set,
WDC,N,,,,,N,-1007,N,N,6,6,0,,peer_set,
WEC,N,,,,,N,244,N,N,6,6,0,,peer_set,
WELL,N,,,,,N,,,,6,6,0,,peer_set,
WFC,N,,,,,N,,,,6,6,0,,peer_set,
WHR,N,,,,,N,17,N,N,6,6,0,,peer_set,
WM,N,,,,,N,-110,N,N,6,6,0,,peer_set,
WMB,N,,,,,N,,,,6,6,0,,peer_set,
WMT,N,,,,,N,-8,N,N,6,5,1,TBBB,peer_set,
WRB,Y,unknown,,FY2021,1498.5:1,N,,,,6,6,0,,peer_set,
WRK,Y,unit_error unknown,FY2020,FY2019 FY2020,968972:1 (reverse),N,126,N,N,,,0,,none,
WST,N,,,,,N,-140,N,N,6,6,0,,peer_set,
WTW,N,,,,,N,,,,6,6,0,,peer_set,
WY,N,,,,,N,359,N,Y,6,6,0,,peer_set,
WYNN,N,,,,,N,,,,6,6,0,,peer_set,
XEL,N,,,,,N,,,,6,6,0,,peer_set,
XOM,N,,,,,N,,,,4,4,0,,peer_set,
XYL,N,,,,,N,-95,N,N,6,6,0,,peer_set,
YUM,N,,,,,N,215,N,N,6,6,0,,peer_set,
ZBH,N,,,,,N,176,N,N,6,6,0,,peer_set,
ZBRA,N,,,,,N,39,N,N,6,6,0,,peer_set,
ZM,N,,,,,N,-123,N,N,6,6,0,,peer_set,
ZS,N,,,,,N,112,N,N,6,6,0,,peer_set,
ZTS,N,,,,,N,-121,N,N,6,6,0,,peer_set,
