ticker,cik,entity_name,us_gaap_concepts,annual_periods,status,notes
A,0001090872,"AGILENT TECHNOLOGIES, INC.",771,20,OK,
AAL,0000006201,American Airlines Group Inc.,660,51,OK,
AAPL,0000320193,Apple Inc.,504,55,OK,
ABBV,0001551152,AbbVie Inc.,455,39,OK,
ABNB,0001559720,"Airbnb, Inc.",361,7,OK,
ABT,0000001800,ABBOTT LABORATORIES,477,55,OK,
ACGL,0000947484,ARCH CAPITAL GROUP LTD.,563,36,OK,
ACN,0001467373,Accenture plc,452,70,OK,
ADBE,0000796343,ADOBE INC.,560,55,OK,
ADI,0000006281,"Analog Devices, Inc.",683,53,OK,
ADM,0000007084,Archer-Daniels-Midland Co,672,63,OK,
ADP,0000008670,"AUTOMATIC DATA PROCESSING, INC.",684,55,OK,
ADSK,0000769397,"AUTODESK, INC.",630,55,OK,
AEE,0001002910,AMEREN CORP,570,49,OK,
AEP,0000004904,"American Electric Power Company, Inc.",634,52,OK,
AES,0000874761,THE AES CORPORATION,772,63,OK,
AFL,0000004977,Aflac Incorporated,602,61,OK,
AIG,0000005272,"American International Group, Inc.",951,56,OK,
AIZ,0001267238,"Assurant, Inc.",801,58,OK,
AJG,0000354190,ARTHUR J. GALLAGHER & CO.,524,51,OK,
AKAM,0001086222,"Akamai Technologies, Inc",547,61,OK,
ALB,0000915913,ALBEMARLE CORPORATION,684,48,OK,
ALGN,0001097149,"ALIGN TECHNOLOGY, INC.",515,18,OK,
ALL,0000899051,ALLSTATE CORP,703,70,OK,
ALLE,0001579241,Allegion plc,485,14,OK,
AMAT,0000006951,APPLIED MATERIALS INC /DE,710,55,OK,
AMCR,0001748790,AMCOR PLC,549,25,OK,
AMD,0000002488,ADVANCED MICRO DEVICES INC,782,47,OK,
AME,0001037868,"AMETEK, Inc.",529,53,OK,
AMGN,0000318154,Amgen Inc.,476,55,OK,
AMP,0000820027,"AMERIPRISE FINANCIAL, INC.",774,43,OK,
AMT,0001053507,AMERICAN TOWER CORPORATION,703,55,OK,
AMZN,0001018724,AMAZON COM INC,546,55,OK,
ANET,0001596532,"Arista Networks, Inc.",450,35,OK,
ANSS,0001013462,"ANSYS, Inc.",476,17,OK,
AON,0000315293,Aon plc,622,52,OK,
AOS,0000091142,A. O. Smith Corporation,511,45,OK,
APA,0001841666,APA CORPORATION,361,7,OK,
APD,0000002969,"AIR PRODUCTS AND CHEMICALS, INC.",825,56,OK,
APH,0000820313,AMPHENOL CORPORATION,451,43,OK,
APO,0001858681,"APOLLO GLOBAL MANAGEMENT, INC.",354,9,OK,
APTV,0001521332,APTIV PLC,602,46,OK,
ARE,0001035443,"ALEXANDRIA REAL ESTATE EQUITIES, INC.",509,17,OK,
ARM,0001973239,ARM HOLDINGS PLC /UK,289,5,OK,
ASML,0000937966,ASML HOLDING NV,625,0,WARN,us-gaap concepts sufficient but no annual periods discovered
ATO,0000731802,Atmos Energy Corp,556,51,OK,
AVB,0000915912,"AVALONBAY COMMUNITIES, INC.",426,52,OK,
AVGO,0001730168,Broadcom Inc.,433,22,OK,
AVY,0000008818,AVERY DENNISON CORPORATION,641,51,OK,
AWK,0001410636,"AMERICAN WATER WORKS COMPANY, INC.",600,63,OK,
AXON,0001069183,"Axon Enterprise, Inc.",552,52,OK,
AXP,0000004962,AMERICAN EXPRESS CO,668,55,OK,
AZN,0000901832,ASTRAZENECA PLC,0,0,BAD_CIK,us-gaap concept count (0) below threshold (50) -- likely wrong entity/shell filer
AZO,0000866787,AUTOZONE INC,566,54,OK,
BA,0000012927,THE BOEING COMPANY,743,55,OK,
BAC,0000070858,BofA Finance LLC,892,19,OK,
BALL,0000009389,BALL CORPORATION,571,44,OK,
BAX,0000010456,BAXTER INTERNATIONAL INC.,776,64,OK,
BBWI,0000701985,"BATH & BODY WORKS, INC.",509,61,OK,
BBY,0000764478,"BEST BUY CO., INC.",579,55,OK,
BCR,,,0,0,NO_CIK,Ticker not found in SEC company_tickers.json mapping
BDX,0000010795,"BECTON, DICKINSON AND COMPANY",543,40,OK,
BEN,0000038777,FRANKLIN RESOURCES INC,664,19,OK,
BF-B,0000014693,Brown-Forman Corporation,457,18,OK,
BG,0001996862,BUNGE GLOBAL SA,349,17,OK,
BIIB,0000875045,BIOGEN INC.,663,55,OK,
BIO,0000012208,"BIO-RAD LABORATORIES, INC.",628,63,OK,
BK,0001390777,Bank of New York Mellon Corp,966,19,OK,
BKNG,0001075531,Booking Holdings Inc.,486,51,OK,
BKR,0001701605,Baker Hughes Company,441,23,OK,
BLDR,0001316835,"BUILDERS FIRSTSOURCE, INC.",453,47,OK,
BLK,0002012383,"BlackRock, Inc.",289,4,OK,
BMY,0000014272,BRISTOL-MYERS SQUIBB COMPANY,840,55,OK,
BR,0001383312,"BROADRIDGE FINANCIAL SOLUTIONS, INC.",532,51,OK,
BRK-B,0001067983,BERKSHIRE HATHAWAY INC,438,55,OK,
BRO,0000079282,"BROWN & BROWN, INC.",491,52,OK,
BSX,0000885725,BOSTON SCIENTIFIC CORPORATION,751,25,OK,
BX,0001393818,Blackstone Inc.,429,48,OK,
C,0000831001,Citigroup Inc,797,58,OK,
CAG,0000023217,CONAGRA BRANDS INC,712,52,OK,
CAH,0000721371,"Cardinal Health, Inc.",534,64,OK,
CARR,0001783180,CARRIER GLOBAL CORPORATION,439,20,OK,
CAT,0000018230,CATERPILLAR INC,704,56,OK,
CB,0000896159,CHUBB LIMITED,769,52,OK,
CBOE,0001374310,"Cboe Global Markets, Inc.",576,38,OK,
CBRE,0001138118,"CBRE GROUP, INC.",780,45,OK,
CCEP,0001650107,COCA-COLA EUROPACIFIC PARTNERS plc,1,0,BAD_CIK,us-gaap concept count (1) below threshold (50) -- likely wrong entity/shell filer
CCI,0001051470,CROWN CASTLE INC.,521,52,OK,
CCL,0000815097,Carnival Corporation Ltd.,361,19,OK,
CDNS,0000813672,"CADENCE DESIGN SYSTEMS, INC.",559,18,OK,
CDW,0001402057,CDW CORP,423,47,OK,
CE,0001306830,CELANESE CORPORATION,624,19,OK,
CEG,0001868275,CONSTELLATION ENERGY CORPORATION,392,6,OK,
CF,0001324404,"CF INDUSTRIES HOLDINGS, INC.",558,43,OK,
CFG,0000759944,CITIZENS FINANCIAL GROUP INC/RI,770,14,OK,
CHD,0000313927,"CHURCH & DWIGHT CO., INC.",511,59,OK,
CHRW,0001043277,"C. H. ROBINSON WORLDWIDE, INC.",412,52,OK,
CHTR,0001091667,"Charter Communications, Inc.",505,43,OK,
CI,0001739940,The Cigna Group,410,19,OK,
CINF,0000020286,CINCINNATI FINANCIAL CORPORATION,512,48,OK,
CL,0000021665,COLGATE-PALMOLIVE COMPANY,489,55,OK,
CLX,0000021076,CLOROX CO /DE/,598,57,OK,
CMCSA,0001166691,COMCAST CORPORATION,467,55,OK,
CME,0001156375,CME GROUP INC.,692,55,OK,
CMG,0001058090,"CHIPOTLE MEXICAN GRILL, INC.",418,51,OK,
CMI,0000026172,CUMMINS INC.,702,37,OK,
CMS,0000811156,CMS ENERGY CORPORATION,584,54,OK,
CNC,0001071739,CENTENE CORPORATION,563,48,OK,
CNP,0001130310,CENTERPOINT ENERGY INC,656,52,OK,
COF,0000927628,CAPITAL ONE FINANCIAL CORP,1042,28,OK,
COO,0000711404,"The Cooper Companies, Inc.",614,51,OK,
COP,0001163165,ConocoPhillips,744,19,OK,
COR,0001140859,"CENCORA, INC.",511,55,OK,
COST,0000909832,COSTCO WHOLESALE CORP /NEW,461,54,OK,
CPAY,0001175454,"Corpay, Inc",539,56,OK,
CPB,0000016732,CAMPBELL'S Co,658,51,OK,
CPRT,0000900075,"COPART, INC.",527,52,OK,
CPT,0000906345,CAMDEN PROPERTY TRUST,513,47,OK,
CRL,0001100682,"CHARLES RIVER LABORATORIES INTERNATIONAL, INC.",765,42,OK,
CRM,0001108524,"Salesforce, Inc.",691,52,OK,
CRWD,0001535527,"CROWDSTRIKE HOLDINGS, INC.",439,9,OK,
CSCO,0000858877,"CISCO SYSTEMS, INC.",769,43,OK,
CSGP,0001057352,"COSTAR GROUP, INC.",527,32,OK,
CSX,0000277948,CSX CORPORATION,450,63,OK,
CTAS,0000723254,Cintas Corporation,504,48,OK,
CTLT,0001596783,"CATALENT, INC.",520,34,OK,
CTRA,,,0,0,NO_CIK,Ticker not found in SEC company_tickers.json mapping
CTSH,0001058290,COGNIZANT TECHNOLOGY SOLUTIONS CORPORATION,540,52,OK,
CTVA,0001755672,"Corteva, Inc.",390,19,OK,
CVS,0000064803,CVS HEALTH CORPORATION,701,53,OK,
CVX,0000093410,Chevron Corp,623,19,OK,
CZR,0001590895,"Caesars Entertainment, Inc.",619,35,OK,
D,0000715957,"DOMINION ENERGY, INC",801,61,OK,
DAL,0000027904,"DELTA AIR LINES, INC.",607,51,OK,
DAY,0001725057,"Dayforce, Inc.",394,9,OK,
DD,0001666700,"DUPONT DE NEMOURS, INC.",651,30,OK,
DDOG,0001561550,"Datadog, Inc.",320,9,OK,
DE,0000315189,DEERE FUNDING CANADA Corp,663,58,OK,
DECK,0000910521,DECKERS OUTDOOR CORP,428,40,OK,
DFS,0001393612,DISCOVER FINANCIAL SERVICES,717,62,OK,
DG,0000029534,DOLLAR GENERAL CORP,352,31,OK,
DGX,0001022079,Quest Diagnostics Inc,548,55,OK,
DHI,0000882184,"D.R. Horton, Inc.",430,51,OK,
DHR,0000313616,DANAHER CORPORATION,622,58,OK,
DIS,0001744489,WALT DISNEY CO/,495,18,OK,
DLR,0001297996,"DIGITAL REALTY TRUST, INC.",587,47,OK,
DLTR,0000935703,"DOLLAR TREE, INC.",495,60,OK,
DOC,0000765880,"Healthpeak Properties, Inc.",624,61,OK,
DOV,0000029905,DOVER Corp,716,55,OK,
DOW,0001751788,DOW INC.,502,8,OK,
DPZ,0001286681,"Domino’s Pizza, Inc.",453,47,OK,
DRI,0000940944,"DARDEN RESTAURANTS, INC.",572,52,OK,
DTE,0000936340,DTE ENERGY CO,819,58,OK,
DUK,0001326160,Duke Energy CORP,912,49,OK,
DVA,0000927066,DAVITA INC.,636,55,OK,
DVN,0001090012,DEVON ENERGY CORP/DE,788,52,OK,
DXC,0001688568,DXC TECHNOLOGY COMPANY,624,11,OK,
DXCM,0001093557,"DEXCOM, INC.",519,47,OK,
EA,0000712515,ELECTRONIC ARTS INC.,519,52,OK,
EBAY,0001065088,eBay Inc.,646,58,OK,
ECL,0000031462,ECOLAB INC.,577,67,OK,
ED,0001047862,CONSOLIDATED EDISON INC,635,17,OK,
EFX,0000033185,EQUIFAX INC,478,51,OK,
EG,0001095073,"EVEREST GROUP, LTD.",665,41,OK,
EIX,0000827052,EDISON INTERNATIONAL,557,55,OK,
EL,0001001250,Estee Lauder Companies Inc,566,51,OK,
ELV,0001156039,"ELEVANCE HEALTH, INC.",783,55,OK,
EMN,0000915389,EASTMAN CHEMICAL CO,525,55,OK,
EMR,0000032604,EMERSON ELECTRIC CO.,455,70,OK,
ENPH,0001463101,"Enphase Energy, Inc.",489,46,OK,
EOG,0000821189,"EOG RESOURCES, INC.",511,46,OK,
EPAM,0001352010,"EPAM SYSTEMS, INC.",528,46,OK,
EQIX,0001101239,"EQUINIX, INC.",812,48,OK,
EQR,0000906107,Vivmark Residential,594,34,OK,
EQT,0000033213,EQT CORPORATION,712,36,OK,
ES,0000072741,EVERSOURCE ENERGY,586,47,OK,
ESS,0000920522,"ESSEX PROPERTY TRUST, INC.",512,19,OK,
ETN,0001551182,EATON CORPORATION plc,476,16,OK,
ETR,0000065984,ENTERGY CORP /DE/,648,55,OK,
ETSY,0001370637,"ETSY, INC",486,13,OK,
EVRG,0001711269,"Evergy, Inc.",370,22,OK,
EW,0001099800,Edwards Lifesciences Corporation,703,60,OK,
EXC,0001109357,EXELON CORPORATION,940,51,OK,
EXPD,0000746515,"EXPEDITORS INTERNATIONAL OF WASHINGTON, INC.",327,55,OK,
EXPE,0001324424,"EXPEDIA GROUP, INC.",543,51,OK,
EXR,0001289490,EXTRA SPACE STORAGE INC.,502,42,OK,
F,0000037996,Ford Motor Co,590,55,OK,
FANG,0001539838,"Diamondback Energy, Inc.",627,43,OK,
FAST,0000815556,FASTENAL CO,300,55,OK,
FCX,0000831259,Freeport-McMoRan Inc.,769,39,OK,
FDS,0001013237,FACTSET RESEARCH SYSTEMS INC.,532,51,OK,
FDX,0001048911,FedEx Corporation,512,52,OK,
FE,0001031296,FIRSTENERGY CORP,692,49,OK,
FFIV,0001048695,"F5, INC.",467,51,OK,
FI,0000798354,"FISERV, INC.",645,55,OK,
FICO,0000814547,FAIR ISAAC CORP,538,51,OK,
FIS,0001136893,"Fidelity National Information Services, Inc.",605,31,OK,
FISV,0000798354,"FISERV, INC.",645,55,OK,
FITB,0000035527,FIFTH THIRD BANCORP,1033,19,OK,
FLT,0001175922,,0,0,BAD_CIK,CIK resolved but company facts fetch returned no data
FMC,0000037785,FMC CORPORATION,672,67,OK,
FOX,0001754301,Fox Corp,310,22,OK,
FOXA,0001754301,Fox Corp,310,22,OK,
FRT,0000034903,FEDERAL REALTY INVESTMENT TRUST,388,48,OK,
FSLR,0001274494,"First Solar, Inc.",692,19,OK,
FTNT,0001262039,"FORTINET, INC.",481,17,OK,
FTV,0001659166,Fortive Corporation,474,39,OK,
GD,0000040533,GENERAL DYNAMICS CORPORATION,523,19,OK,
GDDY,0001609711,GoDaddy Inc.,404,31,OK,
GE,0000040545,GENERAL ELECTRIC CO,946,67,OK,
GEHC,0001932393,GE HEALTHCARE TECHNOLOGIES INC.,416,5,OK,
GEN,0000849399,Gen Digital Inc.,727,20,OK,
GEV,0001996810,GE Vernova Inc.,343,4,OK,
GFS,0001709048,GLOBALFOUNDRIES Inc.,1,0,BAD_CIK,us-gaap concept count (1) below threshold (50) -- likely wrong entity/shell filer
GILD,0000882095,"GILEAD SCIENCES, INC.",723,55,OK,
GIS,0000040704,"General Mills, Inc.",659,70,OK,
GL,0000320335,GLOBE LIFE INC.,648,58,OK,
GLW,0000024741,CORNING INC /NY,821,40,OK,
GM,0001467858,GENERAL MOTORS COMPANY,619,48,OK,
GNRC,0001474735,GENERAC HOLDINGS INC.,530,56,OK,
GOOG,0001652044,Alphabet Inc.,543,13,OK,
GOOGL,0001652044,Alphabet Inc.,543,13,OK,
GPC,0000040987,GENUINE PARTS CO,581,29,OK,
GPN,0001123360,GLOBAL PAYMENTS INC.,579,52,OK,
GRMN,0001121788,GARMIN LTD,496,52,OK,
GS,0000886982,"The Goldman Sachs Group, Inc.",643,22,OK,
GWW,0000277135,"W.W. Grainger, Inc.",521,55,OK,
HAL,0000045012,HALLIBURTON COMPANY,480,19,OK,
HAS,0000046080,"HASBRO, INC.",564,51,OK,
HBAN,0000049196,Huntington Bancshares Incorporated,873,48,OK,
HCA,0000860730,"HCA Healthcare, Inc.",470,47,OK,
HD,0000354950,"HOME DEPOT, INC.",462,52,OK,
HES,0000004447,HESS CORPORATION,668,18,OK,
HIG,0000874766,"The Hartford Insurance Group, Inc.",1030,55,OK,
HII,0001501585,"HUNTINGTON INGALLS INDUSTRIES, INC.",394,47,OK,
HLT,0001585689,Hilton Worldwide Holdings Inc.,542,38,OK,
HOLX,0000859737,HOLOGIC INC,687,52,OK,
HON,0000773840,Honeywell International Inc,633,61,OK,
HPE,0001645590,HEWLETT PACKARD ENTERPRISE COMPANY,669,26,OK,
HPQ,0000047217,HP INC.,691,19,OK,
HRL,0000048465,HORMEL FOODS CORPORATION,421,52,OK,
HSIC,0001000228,"HENRY SCHEIN, INC.",564,54,OK,
HST,0001070750,"HOST HOTELS & RESORTS, INC.",460,19,OK,
HSY,0000047111,HERSHEY CO,692,58,OK,
HUBB,0000048898,HUBBELL INC,528,60,OK,
HUM,0000049071,HUMANA INC,569,52,OK,
HWM,0000004281,HOWMET AEROSPACE INC.,858,52,OK,
IBM,0000051143,INTERNATIONAL BUSINESS MACHINES CORP,781,19,OK,
ICE,0001571949,"Intercontinental Exchange, Inc.",597,42,OK,
IDXX,0000874716,IDEXX LABORATORIES INC /DE,584,50,OK,
IEX,0000832101,IDEX CORP,631,51,OK,
IFF,0000051253,INTERNATIONAL FLAVORS & FRAGRANCES INC,585,21,OK,
ILMN,0001110803,"ILLUMINA, INC.",592,48,OK,
INCY,0000879169,INCYTE CORPORATION,491,50,OK,
INTC,0000050863,INTEL CORP,685,19,OK,
INTU,0000896878,INTUIT INC.,520,54,OK,
INVH,0001687229,Invitation Homes Inc.,389,17,OK,
IP,0000051434,INTERNATIONAL PAPER COMPANY,729,67,OK,
IPG,0000051644,"INTERPUBLIC GROUP OF COMPANIES, INC.",632,50,OK,
IQV,0001478242,IQVIA HOLDINGS INC.,559,42,OK,
IR,0001699150,Ingersoll Rand Inc.,433,11,OK,
IRM,0001020569,IRON MOUNTAIN INC,618,27,OK,
ISRG,0001035267,"Intuitive Surgical, Inc.",578,58,OK,
IT,0000749251,"Gartner, Inc.",591,18,OK,
ITW,0000049826,ILLINOIS TOOL WORKS INC,512,43,OK,
IVZ,0000914208,Invesco Ltd.,693,19,OK,
J,0000052988,JACOBS SOLUTIONS INC.,617,67,OK,
JBHT,0000728535,"J.B. HUNT TRANSPORT SERVICES, INC.",321,48,OK,
JBL,0000898293,JABIL INC,631,17,OK,
JCI,0000833444,JOHNSON CONTROLS INTERNATIONAL PLC,760,30,OK,
JKHY,0000779152,"JACK HENRY & ASSOCIATES, INC.",396,50,OK,
JNJ,0000200406,Johnson & Johnson,610,57,OK,
JNPR,0001043604,"JUNIPER NETWORKS, INC.",763,56,OK,
JPM,0000019617,JPMORGAN CHASE & CO,919,19,OK,
K,0000055079,,0,0,BAD_CIK,CIK resolved but company facts fetch returned no data
KDP,0001418135,Keurig Dr Pepper Inc.,818,53,OK,
KEY,0000091576,KeyCorp,821,19,OK,
KEYS,0001601046,"KEYSIGHT TECHNOLOGIES, INC.",650,13,OK,
KHC,0001637459,Kraft Heinz Co,658,24,OK,
KIM,0000879101,KIMCO REALTY CORPORATION,824,55,OK,
KLAC,0000319201,KLA CORP,688,54,OK,
KMB,0000055785,KIMBERLY-CLARK CORPORATION,604,34,OK,
KMI,0001506307,"KINDER MORGAN, INC.",666,17,OK,
KMX,0001170010,"CARMAX, INC.",563,48,OK,
KO,0000021344,COCA COLA CO,725,19,OK,
KR,0000056873,KROGER CO,484,55,OK,
KVUE,0001944048,Kenvue Inc.,394,11,OK,
L,0000060086,LOEWS CORP,826,58,OK,
LDOS,0001336920,"Leidos Holdings, Inc.",765,43,OK,
LEN,0000920760,LENNAR CORP /NEW/,409,51,OK,
LH,0000920148,LABCORP HOLDINGS INC.,751,52,OK,
LHX,0000202058,"L3HARRIS TECHNOLOGIES, INC.",763,26,OK,
LIN,0001707925,Linde plc,470,19,OK,
LKQ,0001065696,LKQ CORPORATION,684,42,OK,
LLY,0000059478,ELI LILLY AND COMPANY,549,43,OK,
LMT,0000936468,LOCKHEED MARTIN CORPORATION,538,58,OK,
LNC,0000059558,LINCOLN NATIONAL CORP,709,61,OK,
LNT,0000352541,ALLIANT ENERGY CORP,478,48,OK,
LOW,0000060667,"LOWE’S COMPANIES, INC.",478,19,OK,
LRCX,0000707549,LAM RESEARCH CORPORATION,640,19,OK,
LULU,0001397187,lululemon athletica inc.,420,48,OK,
LUV,0000092380,SOUTHWEST AIRLINES CO.,640,55,OK,
LVS,0001300514,LAS VEGAS SANDS CORP.,496,69,OK,
LW,0001679273,"Lamb Weston Holdings, Inc.",465,27,OK,
LYB,0001489393,LYONDELLBASELL INDUSTRIES N.V.,661,45,OK,
LYV,0001335258,"LIVE NATION ENTERTAINMENT, INC.",504,51,OK,
MA,0001141391,Mastercard Incorporated,608,49,OK,
MAA,0000912595,"MID-AMERICA APARTMENT COMMUNITIES, INC.",409,24,OK,
MAR,0001048286,MARRIOTT INTERNATIONAL INC /MD/,546,43,OK,
MAS,0000062996,Masco Corporation,673,55,OK,
MCD,0000063908,McDONALD’S CORPORATION,434,52,OK,
MCHP,0000827054,MICROCHIP TECHNOLOGY INCORPORATED,674,52,OK,
MCK,0000927653,McKESSON CORPORATION,701,55,OK,
MCO,0001059556,MOODY'S CORPORATION,706,52,OK,
MDB,0001441816,"MONGODB, INC.",404,11,OK,
MDLZ,0001103982,"Mondelez International, Inc.",659,52,OK,
MDT,0001613103,Medtronic plc,532,35,OK,
MELI,0001099590,"MercadoLibre, Inc.",616,60,OK,
MET,0001099219,"MetLife, Inc.",1066,61,OK,
META,0001326801,"Meta Platforms, Inc.",458,19,OK,
MGM,0000789570,MGM Resorts International,520,48,OK,
MHK,0000851968,"MOHAWK INDUSTRIES, INC.",545,54,OK,
MKC,0000063754,"McCORMICK & COMPANY, INCORPORATED",495,51,OK,
MKTX,0001278021,MARKETAXESS HOLDINGS INC.,512,17,OK,
MLM,0000916076,MARTIN MARIETTA MATERIALS INC,651,24,OK,
MMC,0000062709,"Marsh & McLennan Companies, Inc.",716,43,OK,
MMM,0000066740,3M COMPANY,701,61,OK,
MNST,0000865752,Monster Beverage Corp,445,29,OK,
MO,0000764180,"Altria Group, Inc.",619,55,OK,
MOH,0001179929,"MOLINA HEALTHCARE, INC.",666,47,OK,
MOS,0001285785,MOSAIC CO,690,18,OK,
MPC,0001510295,Marathon Petroleum Corporation,653,50,OK,
MPWR,0001280452,"Monolithic Power Systems, Inc.",519,47,OK,
MRK,0000310158,"Merck & Co., Inc.",776,19,OK,
MRNA,0001682852,"Moderna, Inc.",387,20,OK,
MRO,0000101778,Marathon Oil Corporation,675,23,OK,
MRVL,0001835632,"Marvell Technology, Inc.",379,7,OK,
MS,0000895421,MORGAN STANLEY,915,56,OK,
MSCI,0001408198,MSCI INC.,556,56,OK,
MSFT,0000789019,MICROSOFT CORPORATION,563,58,OK,
MSI,0000068505,"Motorola Solutions, Inc.",701,58,OK,
MTB,0000036270,M&T BANK CORPORATION,901,19,OK,
MTCH,0000891103,"Match Group, Inc.",635,54,OK,
MTD,0001037646,Mettler-Toledo International Inc.,478,39,OK,
MU,0000723125,"Micron Technology, Inc.",630,50,OK,
NCLH,0001513761,Norwegian Cruise Line Holdings Ltd.,448,45,OK,
NDAQ,0001120193,"Nasdaq, Inc.",653,18,OK,
NDSN,0000072331,NORDSON CORPORATION,553,51,OK,
NEE,0000753308,NEXTERA ENERGY INC,456,52,OK,
NFLX,0001065280,NETFLIX INC,491,52,OK,
NI,0001111711,NISOURCE INC.,752,48,OK,
NKE,0000320187,"NIKE, Inc.",444,21,OK,
NOC,0001133421,NORTHROP GRUMMAN CORP /DE/,573,55,OK,
NOW,0001373715,"ServiceNow, Inc.",540,18,OK,
NRG,0001013871,"NRG Energy, Inc",767,52,OK,
NSC,0000702165,NORFOLK SOUTHERN CORP,425,55,OK,
NTAP,0001002047,"NetApp, Inc.",670,33,OK,
NTRS,0000073124,NORTHERN TRUST CORP,783,19,OK,
NUE,0000073309,NUCOR CORP,484,67,OK,
NVDA,0001045810,NVIDIA CORP,627,53,OK,
NVR,0000906163,"NVR, Inc.",318,51,OK,
NWS,0001564708,NEWS CORPORATION,510,45,OK,
NWSA,0001564708,NEWS CORPORATION,510,45,OK,
NXPI,0001413447,NXP Semiconductors N.V.,617,17,OK,
O,0000726728,REALTY INCOME CORPORATION,492,27,OK,
ODFL,0000878927,"OLD DOMINION FREIGHT LINE, INC.",301,49,OK,
OKE,0001039684,ONEOK INC /NEW/,573,52,OK,
OMC,0000029989,OMNICOM GROUP INC.,501,53,OK,
ON,0001097864,ON SEMICONDUCTOR CORPORATION,695,56,OK,
ORCL,0001341439,Oracle Corporation,536,19,OK,
ORLY,0000898173,O REILLY AUTOMOTIVE INC,447,63,OK,
OTIS,0001781335,OTIS WORLDWIDE CORPORATION,409,14,OK,
OXY,0000797468,OCCIDENTAL PETROLEUM CORPORATION,577,19,OK,
PANW,0001327567,"PALO ALTO NETWORKS, INC",508,42,OK,
PARA,0001826011,"Banzai International, Inc.",325,6,OK,
PAYC,0001590955,"Paycom Software, Inc.",369,38,OK,
PAYX,0000723531,"Paychex, Inc.",417,52,OK,
PCAR,0000075362,PACCAR Inc,497,37,OK,
PCG,0001004980,PG&E CORP,517,19,OK,
PDD,0001737806,PDD Holdings Inc.,287,8,OK,
PEG,0000788784,Public Service Enterprise Group Incorporated,581,52,OK,
PEP,0000077476,"PepsiCo, Inc.",613,25,OK,
PFE,0000078003,PFIZER INC,668,19,OK,
PFG,0001126328,"PRINCIPAL FINANCIAL GROUP, INC",674,55,OK,
PG,0000080424,PROCTER & GAMBLE CO,469,55,OK,
PGR,0000080661,PROGRESSIVE CORP/OH/,551,19,OK,
PH,0000076334,Parker-Hannifin Corp,599,58,OK,
PHM,0000822416,"PULTEGROUP, INC.",431,51,OK,
PKG,0000075677,PACKAGING CORP OF AMERICA,561,51,OK,
PKI,0000031791,"REVVITY, INC",547,57,OK,
PLD,0001045609,"Prologis, Inc.",587,44,OK,
PM,0001413329,Philip Morris International Inc.,567,55,OK,
PNC,0000713676,"PNC Financial Services Group, Inc.",966,19,OK,
PNR,0000077360,Pentair plc,634,51,OK,
PNW,0000764622,PINNACLE WEST CAPITAL CORP,457,45,OK,
PODD,0001145197,INSULET CORPORATION,583,48,OK,
POOL,0000945841,POOL CORPORATION,369,60,OK,
PPG,0000079879,PPG INDUSTRIES INC,754,55,OK,
PPL,0000922224,PPL Corp,650,52,OK,
PRU,0001137774,PRUDENTIAL FINANCIAL INC,903,61,OK,
PSA,0001393311,Public Storage,455,43,OK,
PSX,0001534701,Phillips 66,555,34,OK,
PTC,0000857005,PTC Inc.,586,18,OK,
PTVE,0001527508,PACTIV EVERGREEN INC.,302,9,OK,
PWR,0001050915,"QUANTA SERVICES, INC.",649,27,OK,
PYPL,0001633917,"PayPal Holdings, Inc.",501,34,OK,
QCOM,0000804328,QUALCOMM INC/DE,686,55,OK,
QRVO,0001604778,"Qorvo, Inc.",465,35,OK,
RCL,0000884887,ROYAL CARIBBEAN CRUISES LTD,454,51,OK,
REG,0000910606,REGENCY CENTERS CORPORATION,489,40,OK,
REGN,0000872589,"REGENERON PHARMACEUTICALS, INC.",472,51,OK,
RF,0001281761,Regions Financial Corporation,924,19,OK,
RJF,0000720005,"RAYMOND JAMES FINANCIAL, INC.",766,18,OK,
RL,0001037038,Ralph Lauren Corporation,582,18,OK,
RMD,0000943819,ResMed Inc.,536,18,OK,
ROK,0001024478,"Rockwell Automation, Inc.",638,55,OK,
ROL,0000084839,"ROLLINS, INC.",515,26,OK,
ROP,0000882835,"ROPER TECHNOLOGIES, INC.",488,67,OK,
ROST,0000745732,"Ross Stores, Inc.",343,54,OK,
RSG,0001060391,"REPUBLIC SERVICES, INC.",630,55,OK,
RTX,0000101829,RTX CORPORATION,736,55,OK,
RVTY,0000031791,"REVVITY, INC",547,57,OK,
SBAC,0001034054,SBA COMMUNICATIONS CORPORATION,591,66,OK,
SBUX,0000829224,Starbucks Corporation,560,43,OK,
SCHW,0000316709,SCHWAB CHARLES CORP,791,55,OK,
SHW,0000089800,THE SHERWIN-WILLIAMS COMPANY,620,58,OK,
SJM,0000091419,THE J. M. SMUCKER COMPANY,510,27,OK,
SLB,0000087347,SLB LIMITED/NV,549,19,OK,
SMCI,0001375365,"SUPER MICRO COMPUTER, INC.",479,46,OK,
SNA,0000091440,Snap-on Inc,563,51,OK,
SNPS,0000883241,SYNOPSYS INC,544,30,OK,
SO,0000092122,SOUTHERN CO,630,52,OK,
SOLV,0001964738,SOLVENTUM CORPORATION,264,4,OK,
SPG,0001063761,"SIMON PROPERTY GROUP, INC.",410,70,OK,
SPGI,0000064040,S&P Global Inc.,623,55,OK,
SRE,0001032208,SEMPRA,820,48,OK,
STE,0001757898,STERIS plc,452,31,OK,
STLD,0001022671,"Steel Dynamics, Inc.",359,52,OK,
STT,0000093751,STATE STREET CORP,867,19,OK,
STX,0001137789,Seagate Technology Holdings plc,535,18,OK,
STZ,0000016918,"CONSTELLATION BRANDS, INC.",657,48,OK,
SW,0002005951,Smurfit Westrock plc,333,4,OK,
SWK,0000093556,"STANLEY BLACK & DECKER, INC.",767,51,OK,
SWKS,0000004127,"SKYWORKS SOLUTIONS, INC.",513,51,OK,
SYF,0001601712,Synchrony Financial,352,35,OK,
SYK,0000310764,STRYKER CORP,595,70,OK,
SYY,0000096021,Sysco Corporation,539,46,OK,
T,0000732717,AT&T INC.,715,61,OK,
TAP,0000024545,Molson Coors Beverage Company,673,58,OK,
TDG,0001260221,TransDigm Group Incorporated,542,24,OK,
TDY,0001094285,TELEDYNE TECHNOLOGIES INC,608,51,OK,
TEAM,0001650372,Atlassian Corporation,309,6,OK,
TECH,0000842023,BIO-TECHNE Corp,507,33,OK,
TEL,0001385157,TE CONNECTIVITY PLC,474,55,OK,
TER,0000097210,"TERADYNE, INC.",742,50,OK,
TFC,0000092230,TRUIST FINANCIAL CORPORATION,853,18,OK,
TFX,0000096943,TELEFLEX INCORPORATED,659,60,OK,
TGT,0000027419,TARGET CORPORATION,529,52,OK,
TJX,0000109198,"THE TJX COMPANIES, INC.",508,56,OK,
TMO,0000097745,THERMO FISHER SCIENTIFIC INC.,675,52,OK,
TMUS,0001283699,"T-MOBILE US, INC.",723,51,OK,
TPR,0001116132,"Tapestry, Inc.",564,52,OK,
TRGP,0001389170,TARGA RESOURCES CORP.,610,44,OK,
TRMB,0000864749,TRIMBLE INC.,623,48,OK,
TROW,0001113169,PRICE T ROWE GROUP INC,404,55,OK,
TRV,0000086312,"TRAVELERS COMPANIES, INC.",550,55,OK,
TSCO,0000916365,TRACTOR SUPPLY CO /DE/,389,18,OK,
TSLA,0001318605,"Tesla, Inc.",644,53,OK,
TSN,0000100493,"TYSON FOODS, INC.",547,59,OK,
TT,0001466258,TRANE TECHNOLOGIES PLC,625,19,OK,
TTD,0001671933,"The Trade Desk, Inc.",302,12,OK,
TTWO,0000946581,"TAKE-TWO INTERACTIVE SOFTWARE, INC.",533,48,OK,
TXN,0000097476,TEXAS INSTRUMENTS INCORPORATED,483,43,OK,
TXT,0000217346,Textron Inc.,532,51,OK,
TYL,0000860731,"TYLER TECHNOLOGIES, INC.",483,50,OK,
UAL,0000100517,"United Airlines Holdings, Inc.",620,51,OK,
UBER,0001543151,"UBER TECHNOLOGIES, INC.",484,9,OK,
UDR,0000074208,"UDR, Inc.",556,18,OK,
UHS,0000352915,UNIVERSAL HEALTH SERVICES INC,572,51,OK,
UNH,0000731766,UnitedHealth Group Incorporated,574,34,OK,
UNP,0000100885,UNION PACIFIC CORP,450,55,OK,
UPS,0001090727,UNITED PARCEL SERVICE INC,584,55,OK,
URI,0001067701,"United Rentals, Inc.",410,65,OK,
USB,0000036104,US BANCORP \DE\,910,19,OK,
V,0001403161,VISA INC.,627,25,OK,
VICI,0001705696,VICI Properties Inc.,372,16,OK,
VLO,0001035002,VALERO ENERGY CORP/TX,702,55,OK,
VLTO,0001967680,VERALTO CORPORATION,290,5,OK,
VMC,0001396009,VULCAN MATERIALS COMPANY,735,55,OK,
VRSK,0001442145,"Verisk Analytics, Inc.",757,17,OK,
VRSN,0001014473,VERISIGN INC/CA,517,19,OK,
VRTX,0000875320,VERTEX PHARMACEUTICALS INC / MA,642,56,OK,
VTR,0000740260,"Ventas, Inc.",638,55,OK,
VTRS,0001792044,VIATRIS INC.,411,8,OK,
VZ,0000732712,VERIZON COMMUNICATIONS INC,678,52,OK,
WAB,0000943452,WESTINGHOUSE AIR BRAKE TECHNOLOGIES CORPORATION,534,48,OK,
WAT,0001000697,Waters Corporation,536,72,OK,
WBA,0001618921,"WALGREENS BOOTS ALLIANCE, INC.",516,42,OK,
WBD,0001437107,"Warner Bros. Discovery, Inc.",864,52,OK,
WDAY,0001327811,"WORKDAY, INC.",515,47,OK,
WDC,0000106040,WESTERN DIGITAL CORPORATION,693,58,OK,
WEC,0000783325,"WEC ENERGY GROUP, INC.",650,40,OK,
WELL,0000766704,WELLTOWER INC.,668,33,OK,
WFC,0000072971,WELLS        FARGO & COMPANY/MN,938,19,OK,
WHR,0000106640,WHIRLPOOL CORP /DE/,616,51,OK,
WM,0000823768,WASTE MANAGEMENT INC,642,52,OK,
WMB,0000107263,"Williams Companies, Inc.",671,19,OK,
WMT,0000104169,WALMART INC.,479,52,OK,
WRB,0000011544,W. R. BERKLEY CORP,559,48,OK,
WRK,0000674273,,0,0,BAD_CIK,CIK resolved but company facts fetch returned no data
WST,0000105770,"WEST PHARMACEUTICAL SERVICES, INC.",654,24,OK,
WTW,0001140536,WILLIS TOWERS WATSON PLC,778,54,OK,
WY,0000106535,WEYERHAEUSER COMPANY,663,52,OK,
WYNN,0001174922,"WYNN RESORTS, LIMITED",554,42,OK,
XEL,0000072903,Xcel Energy Inc.,547,58,OK,
XOM,0000034088,Exxon Mobil Corporation,439,19,OK,
XYL,0001524472,Xylem Inc.,571,48,OK,
YUM,0001041061,"YUM! BRANDS, INC.",617,59,OK,
ZBH,0001136869,"ZIMMER BIOMET HOLDINGS, INC.",651,55,OK,
ZBRA,0000877212,Zebra Technologies Corporation,701,48,OK,
ZM,0001585521,"Zoom Communications, Inc.",346,18,OK,
ZS,0001713683,"ZSCALER, INC.",375,10,OK,
ZTS,0001555280,Zoetis Inc.,535,39,OK,
